tarea,archivo_1,archivo_2,Assign,AugAssign,BinOp:+,BinOp:-,BinOp:*,BinOp:/,BinOp://,BinOp:%,BoolOp:and,BoolOp:or,Call,Cmp:==,Cmp:!=,Cmp:<,Cmp:<=,Cmp:>,Cmp:>=,Cmp:is,Cmp:is not,Cmp:in,Cmp:not in,Dict,For,FunctionDef,If,IfElse,List,Name,Return,TotalArgs,Tuple,While,FunctionDepth,NestedFunc,AvgFuncLength,NestedIf,var_name_jaccard,var_name_overlap,var_name_diff,lex_common_tokens,lex_total_tokens_1,lex_total_tokens_2,lex_jaccard,lex_token_ratio,lex_ngram_sim,line_length_diff,literal_overlap,literal_jaccard,token_edit_ratio,call_sequence_similarity,num_funcs_1,num_funcs_2,func_count_diff,func_line_ratio_1,func_line_ratio_2,func_line_ratio_diff,tokens_per_func_diff,control_flow_sim,func_name_sequence_similarity,plagio_tipo
tarea_1,decimal_converter_1.py,decimal_converter_1_tipo1.py,8,0,0,0,0,0,0,0,0,0,30,0,0,2,0,0,0,0,0,0,0,0,0,4,2,0,0,56,2,2,0,0,1,0,38,0,1.0,13,0,38,38,38,1.0,0.37623762376237624,1.0,0,10,1.0,1.0,1.0,2,2,0,0.8636363636363636,0.8636363636363636,0.0,0.0,1.0,1.0,1
tarea_1,decimal_converter_1.py,decimal_converter_1_tipo2.py,8,0,0,0,0,0,0,0,0,0,30,0,0,2,0,0,0,0,0,0,0,0,0,4,2,0,0,56,2,2,0,0,1,0,38,0,0.35,7,13,24,38,39,0.4528301886792453,0.2376237623762376,0.19117647058823528,0,2,0.1111111111111111,0.7821782178217822,0.8571428571428571,2,2,0,0.8636363636363636,0.8636363636363636,0.0,0.0,1.0,0.0,2
tarea_1,decimal_converter_1.py,decimal_converter_1_tipo3.py,6,0,0,0,0,0,0,0,0,0,30,1,0,1,0,0,0,0,0,0,0,0,0,7,2,0,0,54,4,5,0,1,2,0,39,0,0.4,8,12,22,38,40,0.39285714285714285,0.21782178217821782,0.13793103448275862,9,4,0.2857142857142857,0.5118483412322274,0.5,2,5,3,0.8636363636363636,0.7692307692307693,0.09440559440559437,28.5,0.8181818181818182,0.0,3
tarea_1,decimal_converter_1.py,decimal_noplagio_2.py,7,0,0,0,0,0,0,0,0,0,31,0,0,2,0,0,0,0,0,0,0,0,0,7,2,0,0,53,5,6,0,0,1,0,40,0,0.2777777777777778,5,13,18,38,39,0.3050847457627119,0.1782178217821782,0.10059171597633136,36,1,0.05,0.44537815126050423,0.5185185185185185,2,5,3,0.8636363636363636,0.75,0.11363636363636365,23.1,0.6222222222222222,0.2857142857142857,0
tarea_1,decimal_converter_1.py,decimal_noplagio_1.py,10,0,1,0,0,0,1,1,0,0,27,1,0,2,0,1,0,0,0,0,0,0,0,2,3,1,0,57,1,1,0,1,1,0,19,0,0.2222222222222222,4,14,15,38,41,0.234375,0.1485148514851485,0.04819277108433735,3,2,0.09090909090909091,0.25365853658536586,0.38461538461538464,2,0,2,0.8636363636363636,0.0,0.8636363636363636,50.5,0.5882352941176471,0.0,0
tarea_1,decimal_converter_3.py,decimal_converter_3_tipo1.py,2,0,0,0,0,0,0,0,0,0,26,2,0,2,0,0,0,0,0,0,0,0,0,2,4,0,0,34,2,0,0,0,1,0,28,0,1.0,7,0,31,31,31,1.0,0.4025974025974026,1.0,0,10,1.0,1.0,1.0,1,1,0,0.8235294117647058,0.8235294117647058,0.0,0.0,1.0,1.0,1
tarea_1,decimal_converter_3.py,decimal_converter_3_tipo2.py,2,0,0,0,0,0,0,0,0,0,26,2,0,2,0,0,0,0,0,0,0,0,0,2,4,0,0,37,2,0,0,0,1,0,28,0,0.5,5,5,20,31,34,0.4444444444444444,0.2597402597402597,0.21495327102803738,6,2,0.09523809523809523,0.7375,0.782608695652174,1,1,0,0.8235294117647058,0.8235294117647058,0.0,6.0,1.0,0.0,2
tarea_1,decimal_converter_3.py,decimal_converter_3_tipo3.py,3,0,0,0,0,0,0,0,0,0,32,2,0,1,0,0,0,0,0,0,0,0,0,6,3,0,0,43,2,1,0,1,3,0,37,0,0.375,6,10,18,31,38,0.35294117647058826,0.23376623376623376,0.10948905109489052,29,0,0.0,0.30601092896174864,0.5185185185185185,1,5,4,0.8235294117647058,0.7931034482758621,0.030425963488843744,55.8,0.5909090909090909,0.3333333333333333,3
tarea_1,decimal_converter_3.py,decimal_noplagio_2.py,4,0,0,0,0,0,0,0,0,0,29,1,0,2,0,0,0,0,0,0,0,0,0,6,3,0,0,42,5,5,0,0,1,0,35,0,0.4166666666666667,5,7,19,31,39,0.37254901960784315,0.24675324675324675,0.10596026490066225,60,1,0.05,0.5046728971962616,0.6956521739130435,1,5,4,0.8235294117647058,0.75,0.07352941176470584,49.6,0.7441860465116279,0.3333333333333333,0
tarea_1,decimal_converter_3.py,decimal_noplagio_1.py,7,0,1,0,0,0,1,1,0,0,25,2,0,2,0,1,0,0,0,0,0,0,0,1,4,1,0,46,1,0,0,1,1,0,14,0,0.3333333333333333,4,8,16,31,41,0.2857142857142857,0.2077922077922078,0.06164383561643835,27,1,0.043478260869565216,0.3867403314917127,0.7272727272727273,1,0,1,0.8235294117647058,0.0,0.8235294117647058,77.0,0.75,0.0,0
tarea_1,decimal_converter_2.py,decimal_converter_2_tipo1.py,4,0,0,0,0,0,0,0,0,0,34,0,0,0,0,0,2,0,0,0,0,2,2,6,2,2,0,56,2,4,2,0,2,0,40,0,1.0,15,0,50,50,50,1.0,0.38461538461538464,1.0,0,11,1.0,1.0,1.0,3,3,0,0.8,0.8,0.0,0.0,1.0,1.0,1
tarea_1,decimal_converter_2.py,decimal_converter_2_tipo2.py,4,0,0,0,0,0,0,0,0,0,34,0,0,0,0,0,2,0,0,0,0,2,2,6,2,2,0,56,2,4,2,0,2,0,40,0,0.30434782608695654,7,16,34,50,50,0.5151515151515151,0.26153846153846155,0.28484848484848485,0,4,0.2222222222222222,0.8153846153846154,0.7142857142857143,3,3,0,0.8,0.8,0.0,0.0,1.0,0.0,2
tarea_1,decimal_converter_2.py,decimal_converter_2_tipo3.py,7,0,0,0,0,0,0,0,0,0,32,1,0,0,0,0,1,0,0,0,0,2,2,6,3,3,0,57,2,4,2,1,4,0,41,0,0.3333333333333333,8,16,30,50,51,0.4225352112676056,0.23076923076923078,0.1256544502617801,2,5,0.3125,0.5658914728682171,0.25,3,3,0,0.8,0.84,0.039999999999999925,0.6666666666666714,0.9130434782608695,0.0,3
tarea_1,decimal_converter_2.py,decimal_noplagio_2.py,5,0,0,0,0,0,0,0,0,0,33,0,0,1,0,0,1,0,0,0,0,1,1,8,2,1,0,53,5,7,1,0,2,0,41,0,0.19047619047619047,4,17,18,50,39,0.2535211267605634,0.13846153846153847,0.09278350515463918,7,1,0.047619047619047616,0.352059925093633,0.5185185185185185,3,5,2,0.8,0.75,0.050000000000000044,15.933333333333337,0.7346938775510204,0.25,0
tarea_1,decimal_converter_2.py,decimal_noplagio_1.py,8,0,1,0,0,0,1,1,0,0,29,1,0,1,0,1,1,0,0,0,0,1,1,3,3,2,0,57,1,2,1,1,2,0,20,0,0.14285714285714285,3,18,15,50,41,0.19736842105263158,0.11538461538461539,0.05263157894736842,26,2,0.08695652173913043,0.21367521367521367,0.38461538461538464,3,0,3,0.8,0.0,0.8,43.333333333333336,0.631578947368421,0.0,0
tarea_2,mcm_mcd_2.py,mcm_mcd_2copia.py,4,0,0,0,2,0,2,2,0,0,28,2,0,0,0,0,0,0,0,0,0,0,0,8,2,0,0,60,8,10,0,2,2,0,38,0,1.0,13,0,37,37,37,1.0,0.3135593220338983,1.0,0,8,1.0,1.0,1.0,4,4,0,0.7916666666666666,0.7916666666666666,0.0,0.0,1.0,1.0,1
tarea_2,mcm_mcd_2.py,mcm_mcd_2_tipo2.py,4,0,0,0,2,0,2,2,0,0,28,2,0,0,0,0,0,0,0,0,0,0,0,8,2,0,0,60,8,10,0,2,2,0,38,0,0.3,6,14,24,37,37,0.48,0.2033898305084746,0.16666666666666666,0,2,0.14285714285714285,0.6779661016949152,0.5,4,4,0,0.7916666666666666,0.7916666666666666,0.0,0.0,1.0,0.0,2
tarea_2,mcm_mcd_2.py,mcm_mcd_2_tipo3.py,5,0,0,0,2,0,2,2,0,0,31,3,0,0,0,0,0,1,0,0,0,0,0,9,3,0,0,68,8,11,3,2,3,0,42,0,0.2,4,16,22,37,43,0.3793103448275862,0.1864406779661017,0.07575757575757576,26,2,0.125,0.33587786259541985,0.4,4,5,1,0.7916666666666666,0.7931034482758621,0.00143678160919547,0.6999999999999993,0.8301886792452831,0.0,3
tarea_2,mcm_mcd_2.py,mcm_mcd_noplagio_2.py,9,0,0,0,2,0,2,2,0,0,26,1,0,0,0,0,0,0,0,0,0,0,0,7,1,0,0,64,6,10,4,2,2,0,29,0,0.5,8,8,26,37,33,0.5909090909090909,0.22033898305084745,0.13966480446927373,10,4,0.4444444444444444,0.4796747967479675,0.34782608695652173,4,3,1,0.7916666666666666,0.47619047619047616,0.31547619047619047,13.166666666666664,0.5238095238095238,0.5714285714285714,0
tarea_2,mcm_mcd_2.py,mcm_mcd_noplagio_1.py,9,0,0,0,2,0,2,2,0,0,24,1,0,0,0,0,0,0,0,0,0,0,0,4,1,0,0,68,4,5,4,2,2,0,19,0,0.5882352941176471,10,7,20,37,32,0.40816326530612246,0.1694915254237288,0.03592814371257485,33,0,0.0,0.1477832512315271,0.3333333333333333,4,0,4,0.7916666666666666,0.0,0.7916666666666666,29.5,0.6285714285714286,0.0,0
tarea_2,mcm_mcd_3.py,mcm_mcd_3copia.py,8,0,0,0,2,0,2,2,0,0,42,6,0,0,0,0,0,0,0,0,0,0,0,8,6,6,0,92,4,8,4,2,2,0,54,0,1.0,12,0,43,43,43,1.0,0.25748502994011974,1.0,0,13,1.0,1.0,1.0,4,4,0,0.84375,0.84375,0.0,0.0,1.0,1.0,1
tarea_2,mcm_mcd_3.py,mcm_mcd_3_tipo2.py,8,0,0,0,2,0,2,2,0,0,43,6,0,0,0,0,0,0,0,0,0,0,0,8,6,6,0,93,4,8,4,2,2,0,56,0,0.2631578947368421,5,14,28,43,46,0.45901639344262296,0.16766467065868262,0.16113744075829384,4,5,0.20833333333333334,0.6923076923076923,0.6511627906976745,4,4,0,0.84375,0.8529411764705882,0.009191176470588203,1.0,0.9841269841269841,0.0,2
tarea_2,mcm_mcd_3.py,mcm_mcd_3_tipo3.py,9,0,0,0,2,0,2,2,0,0,39,4,0,0,0,0,0,1,0,0,0,0,0,9,5,3,0,89,6,10,7,3,3,0,54,0,0.35,7,13,23,43,47,0.34328358208955223,0.1377245508982036,0.09090909090909091,2,0,0.0,0.49404761904761907,0.43243243243243246,4,5,1,0.84375,0.8181818181818182,0.025568181818181768,7.950000000000003,0.7741935483870968,0.0,3
tarea_2,mcm_mcd_3.py,mcm_mcd_noplagio_2.py,11,0,0,0,2,0,2,2,0,0,33,3,0,0,0,0,0,0,0,0,0,0,0,7,3,3,0,80,4,9,6,2,2,0,37,0,0.2777777777777778,5,13,19,43,33,0.3333333333333333,0.11377245508982035,0.051643192488262914,39,2,0.125,0.3593220338983051,0.26666666666666666,4,3,1,0.84375,0.47619047619047616,0.36755952380952384,0.9166666666666643,0.4897959183673469,0.0,0
tarea_2,mcm_mcd_3.py,mcm_mcd_noplagio_1.py,11,0,0,0,2,0,2,2,0,0,31,3,0,0,0,0,0,0,0,0,0,0,0,4,3,3,0,84,2,4,6,2,2,0,27,0,0.3684210526315789,7,12,17,43,32,0.29310344827586204,0.10179640718562874,0.12209302325581395,82,0,0.0,0.29365079365079366,0.3225806451612903,4,0,4,0.84375,0.0,0.84375,41.75,0.47619047619047616,0.0,0
tarea_2,mcm_mcd_1.py,mcm_mcd_1copia.py,8,0,0,0,2,0,2,2,0,2,28,0,2,0,0,0,0,0,0,0,0,0,0,8,2,0,0,80,10,8,10,2,2,0,42,0,1.0,13,0,39,39,39,1.0,0.31451612903225806,1.0,0,10,1.0,1.0,1.0,4,4,0,0.8076923076923077,0.8076923076923077,0.0,0.0,1.0,1.0,1
tarea_2,mcm_mcd_1.py,mcm_mcd_1_tipo2.py,8,0,0,0,2,0,2,2,0,2,28,0,1,0,0,0,0,0,0,0,0,0,0,8,2,0,0,80,10,8,10,2,2,0,42,0,0.3684210526315789,7,12,25,39,37,0.49019607843137253,0.20161290322580644,0.3018867924528302,2,2,0.11764705882352941,0.8211382113821138,0.6428571428571429,4,4,0,0.8076923076923077,0.8076923076923077,0.0,0.5,1.0,0.0,2
tarea_2,mcm_mcd_1.py,mcm_mcd_1_tipo3.py,9,0,0,0,2,0,2,2,0,1,29,1,2,0,0,0,0,1,0,0,0,0,0,9,3,0,0,85,9,10,10,3,3,0,47,0,0.42105263157894735,8,11,29,39,46,0.5178571428571429,0.23387096774193547,0.20105820105820105,24,4,0.2222222222222222,0.6102941176470589,0.5,4,5,1,0.8076923076923077,0.8125,0.004807692307692291,1.3999999999999986,0.7924528301886793,0.0,3
tarea_2,mcm_mcd_1.py,mcm_mcd_noplagio_2.py,11,0,0,0,2,0,2,2,0,1,26,0,1,0,0,0,0,0,0,0,0,0,0,7,1,0,0,74,7,9,9,2,2,0,31,0,0.3333333333333333,6,12,18,39,33,0.3333333333333333,0.14516129032258066,0.09947643979057591,4,0,0.0,0.42857142857142855,0.43478260869565216,4,3,1,0.8076923076923077,0.47619047619047616,0.33150183150183155,11.666666666666664,0.5581395348837209,0.0,0
tarea_2,mcm_mcd_1.py,mcm_mcd_noplagio_1.py,11,0,0,0,2,0,2,2,0,1,24,0,1,0,0,0,0,0,0,0,0,0,0,4,1,0,0,78,5,4,9,2,2,0,21,0,0.5,9,9,19,39,32,0.36538461538461536,0.1532258064516129,0.04678362573099415,39,0,0.0,0.18181818181818182,0.4166666666666667,4,0,4,0.8076923076923077,0.0,0.8076923076923077,31.0,0.6111111111111112,0.0,0
tarea_3,ppt_1.py,ppt_1copia.py,6,0,0,0,0,0,0,0,0,2,18,2,0,0,0,0,0,0,0,0,2,0,0,2,6,4,2,34,2,0,0,0,3,0,34,0,1.0,7,0,38,38,38,1.0,0.36893203883495146,1.0,0,9,1.0,1.0,1.0,1,1,0,0.8095238095238095,0.8095238095238095,0.0,0.0,1.0,1.0,1
tarea_3,ppt_1.py,ppt_1_tipo2.py,6,0,0,0,0,0,0,0,0,2,18,2,0,0,0,0,0,0,0,0,2,0,0,2,6,4,2,34,2,0,0,0,3,0,36,0,0.2727272727272727,3,8,28,38,38,0.5833333333333334,0.27184466019417475,0.22972972972972974,2,3,0.2,0.7788461538461539,0.8571428571428571,1,1,0,0.8095238095238095,0.8260869565217391,0.0165631469979296,2.0,1.0,0.0,2
tarea_3,ppt_1.py,ppt_1_tipo3.py,7,0,0,0,0,0,0,0,0,2,24,3,0,0,0,0,0,0,0,0,2,0,0,6,8,4,2,46,8,3,0,1,3,0,50,0,0.4375,7,9,33,38,62,0.4925373134328358,0.32038834951456313,0.13953488372093023,79,4,0.21052631578947367,0.3508771929824561,0.5263157894736842,1,5,4,0.8095238095238095,0.8048780487804879,0.004645760743321681,66.6,0.46808510638297873,0.3333333333333333,3
tarea_3,ppt_1.py,ppt_noplagio_2.py,8,0,0,0,0,0,0,0,3,1,20,2,0,0,0,0,0,0,0,0,2,0,0,4,6,4,3,41,6,2,0,0,3,0,43,0,0.23529411764705882,4,13,28,38,45,0.509090909090909,0.27184466019417475,0.1793478260869565,35,4,0.2857142857142857,0.3153526970954357,0.5333333333333333,1,3,2,0.8095238095238095,0.8125,0.0029761904761904656,57.0,0.6666666666666666,0.0,0
tarea_3,ppt_1.py,ppt_noplagio_1.py,6,0,0,0,0,0,0,0,0,2,22,2,0,0,0,0,0,0,0,0,2,1,0,4,6,4,1,42,5,2,0,0,3,0,40,0,0.17647058823529413,3,14,24,38,52,0.36363636363636365,0.23300970873786409,0.027522935779816515,47,4,0.19047619047619047,0.17391304347826086,0.631578947368421,1,3,2,0.8095238095238095,0.7419354838709677,0.06758832565284179,53.0,0.3783783783783784,0.0,0
tarea_3,ppt_3.py,ppt_3copia.py,10,4,0,0,0,0,0,0,0,2,22,2,0,0,0,0,0,0,0,0,2,0,2,2,6,4,2,52,0,0,0,0,4,0,48,0,1.0,11,0,48,48,48,1.0,0.3779527559055118,1.0,0,14,1.0,1.0,1.0,1,1,0,0.8571428571428571,0.8571428571428571,0.0,0.0,1.0,1.0,1
tarea_3,ppt_3.py,ppt_3_tipo2.py,10,4,0,0,0,0,0,0,0,2,22,2,0,0,0,0,0,0,0,0,2,0,2,2,6,4,2,52,0,0,0,0,4,0,51,0,0.2222222222222222,4,14,35,48,48,0.5737704918032787,0.2755905511811024,0.2459016393442623,0,7,0.3333333333333333,0.7874015748031497,0.8888888888888888,1,1,0,0.8571428571428571,0.8709677419354839,0.01382488479262678,0.0,1.0,0.0,2
tarea_3,ppt_3.py,ppt_3_tipo3.py,8,2,0,0,0,0,0,0,0,2,24,3,0,0,0,0,0,0,0,1,1,0,1,6,7,3,2,50,7,4,0,1,4,0,53,0,0.25,5,15,29,48,53,0.4027777777777778,0.2283464566929134,0.13596491228070176,40,5,0.22727272727272727,0.23129251700680273,0.42105263157894735,1,5,4,0.8571428571428571,0.7837837837837838,0.07335907335907332,93.6,0.4782608695652174,0.0,3
tarea_3,ppt_3.py,ppt_noplagio_2.py,10,2,0,0,0,0,0,0,3,1,22,2,0,0,0,0,0,0,0,0,2,0,1,4,6,4,3,50,5,2,0,0,4,0,50,0,0.13636363636363635,3,19,26,48,45,0.3880597014925373,0.2047244094488189,0.10550458715596331,11,3,0.15,0.3018867924528302,0.47058823529411764,1,3,2,0.8571428571428571,0.8125,0.044642857142857095,81.0,0.5789473684210527,0.0,0
tarea_3,ppt_3.py,ppt_noplagio_1.py,8,2,0,0,0,0,0,0,0,2,24,2,0,0,0,0,0,0,0,0,2,1,1,4,6,4,1,51,4,2,0,0,4,0,47,0,0.2,4,16,26,48,52,0.35135135135135137,0.2047244094488189,0.03765690376569038,23,5,0.2,0.2743682310469314,0.6666666666666666,1,3,2,0.8571428571428571,0.7419354838709677,0.11520737327188935,77.0,0.6153846153846154,0.0,0
tarea_3,ppt_2.py,ppt_2copia.py,8,0,0,0,0,0,0,0,0,0,26,4,0,0,0,0,0,0,0,0,2,2,0,4,6,4,0,52,4,0,0,0,3,0,44,0,1.0,10,0,43,43,43,1.0,0.3805309734513274,1.0,0,10,1.0,1.0,1.0,2,2,0,0.8148148148148148,0.8148148148148148,0.0,0.0,1.0,1.0,1
tarea_3,ppt_2.py,ppt_2_tipo2.py,8,0,0,0,0,0,0,0,0,0,26,4,0,0,0,0,0,0,0,0,2,2,0,4,6,4,0,52,4,0,0,0,3,0,44,0,0.25,4,12,30,43,43,0.5357142857142857,0.26548672566371684,0.20710059171597633,0,3,0.17647058823529413,0.7699115044247787,0.8,2,2,0,0.8148148148148148,0.8148148148148148,0.0,0.0,1.0,0.0,2
tarea_3,ppt_2.py,ppt_2_tipo3.py,9,0,0,0,0,0,0,0,0,1,27,4,0,0,0,0,0,0,0,0,2,1,0,6,7,3,1,52,6,2,0,1,3,0,49,0,0.2222222222222222,4,14,23,43,51,0.323943661971831,0.20353982300884957,0.07657657657657657,48,3,0.14285714285714285,0.32116788321167883,0.5,2,4,2,0.8148148148148148,0.7941176470588235,0.020697167755991286,16.25,0.6808510638297872,0.0,3
tarea_3,ppt_2.py,ppt_noplagio_2.py,9,0,0,0,0,0,0,0,3,0,24,3,0,0,0,0,0,0,0,0,2,1,0,5,6,4,2,50,7,2,0,0,3,0,48,0,0.2,4,16,27,43,45,0.4426229508196721,0.23893805309734514,0.07511737089201878,25,3,0.1875,0.4063745019920319,0.4444444444444444,2,3,1,0.8148148148148148,0.8125,0.0023148148148147696,10.5,0.7619047619047619,0.0,0
tarea_3,ppt_2.py,ppt_noplagio_1.py,7,0,0,0,0,0,0,0,0,1,26,3,0,0,0,0,0,0,0,0,2,2,0,5,6,4,0,51,6,2,0,0,3,0,45,0,0.15,3,17,24,43,52,0.3380281690140845,0.21238938053097345,0.03056768558951965,37,3,0.13043478260869565,0.23574144486692014,0.6363636363636364,2,3,1,0.8148148148148148,0.7419354838709677,0.07287933094384702,6.5,0.6976744186046512,0.0,0
tarea_4,temp_converter_2.py,temp_converter_2.py,10,0,8,4,6,6,0,0,0,0,22,6,0,0,0,0,0,2,0,0,0,0,0,4,8,8,0,64,8,4,10,0,4,0,48,0,1.0,12,0,48,48,48,1.0,0.3287671232876712,1.0,0,17,1.0,1.0,1.0,2,2,0,0.8888888888888888,0.8888888888888888,0.0,0.0,1.0,1.0,1
tarea_4,temp_converter_2.py,temp_converter_2_tipo2.py,10,0,8,4,6,6,0,0,0,0,23,6,0,0,0,0,0,2,0,0,0,0,0,4,8,7,0,64,8,4,10,0,4,0,48,0,0.3333333333333333,6,12,35,48,49,0.5645161290322581,0.23972602739726026,0.297029702970297,2,10,0.4166666666666667,0.7959183673469388,0.7,2,2,0,0.8888888888888888,0.8888888888888888,0.0,1.0,0.9302325581395349,0.0,2
tarea_4,temp_converter_2.py,temp_converter_2_tipo3.py,10,0,8,6,7,7,0,0,0,1,28,13,0,0,0,0,0,1,1,0,0,0,0,5,16,10,0,75,13,5,8,1,6,0,63,3,0.21739130434782608,5,18,34,48,65,0.43037974683544306,0.2328767123287671,0.1232876712328767,121,9,0.32142857142857145,0.048426150121065374,0.5454545454545454,2,3,1,0.8888888888888888,0.9069767441860465,0.018087855297157618,16.0,0.5714285714285714,0.4,3
tarea_4,temp_converter_2.py,temp_noplagio_2.py,13,0,8,4,6,6,0,0,0,0,31,6,0,0,0,0,0,1,0,0,0,0,0,12,7,7,0,72,10,14,5,0,4,0,57,0,0.3157894736842105,6,13,32,48,49,0.49230769230769234,0.2191780821917808,0.1271186440677966,71,9,0.391304347826087,0.15977961432506887,0.19047619047619047,2,10,8,0.8888888888888888,0.7021276595744681,0.18676122931442074,51.3,0.5,0.0,0
tarea_4,temp_converter_2.py,temp_noplagio_1.py,10,0,8,6,7,7,0,0,0,0,24,4,0,0,0,0,0,1,0,0,0,1,0,4,5,4,0,66,6,5,12,0,4,0,48,0,0.3684210526315789,7,12,33,48,50,0.5076923076923077,0.22602739726027396,0.1346938775510204,61,9,0.375,0.24929178470254956,0.7368421052631579,2,2,0,0.8888888888888888,0.8888888888888888,0.0,30.5,0.5128205128205128,1.0,0
tarea_4,temp_converter_3.py,temp_converter_3.py,26,0,8,4,6,6,0,0,0,0,28,6,0,0,0,0,0,0,0,0,0,0,0,10,6,6,0,110,6,10,12,0,1,0,64,0,1.0,12,0,51,51,51,1.0,0.25,1.0,0,19,1.0,1.0,1.0,5,5,0,0.8205128205128205,0.8205128205128205,0.0,0.0,1.0,1.0,1
tarea_4,temp_converter_3.py,temp_converter_3_tipo2.py,26,0,8,4,6,6,0,0,0,0,28,6,0,0,0,0,0,0,0,0,0,0,0,10,6,6,0,110,6,10,12,0,1,0,65,0,0.5625,9,7,38,51,52,0.5846153846153846,0.18627450980392157,0.3872340425531915,0,10,0.35714285714285715,0.6323529411764706,0.8,5,5,0,0.8205128205128205,0.825,0.004487179487179471,0.0,1.0,0.2,2
tarea_4,temp_converter_3.py,temp_converter_3_tipo3.py,16,0,6,2,4,4,0,0,0,0,27,4,0,0,0,0,0,1,0,0,0,0,0,11,5,3,0,78,7,10,6,1,3,0,56,0,0.35294117647058826,6,11,28,51,49,0.3888888888888889,0.13725490196078433,0.13360323886639677,73,7,0.25925925925925924,0.3880597014925373,0.42105263157894735,5,6,1,0.8205128205128205,0.75,0.07051282051282048,18.966666666666665,0.8235294117647058,0.18181818181818182,3
tarea_4,temp_converter_3.py,temp_noplagio_2.py,21,0,8,4,6,6,0,0,0,0,34,6,0,0,0,0,0,0,0,0,0,0,0,15,6,6,0,95,9,17,6,0,4,0,65,0,0.5625,9,7,36,51,49,0.5625,0.17647058823529413,0.24066390041493776,13,8,0.3076923076923077,0.4180522565320665,0.38095238095238093,5,10,5,0.8205128205128205,0.7021276595744681,0.11838516093835239,19.099999999999998,0.71875,0.13333333333333333,0
tarea_4,temp_converter_3.py,temp_noplagio_1.py,18,0,8,6,7,7,0,0,0,0,27,4,0,0,0,0,0,0,0,0,0,1,0,7,4,3,0,89,5,8,13,0,2,0,56,0,0.23809523809523808,5,16,31,51,50,0.44285714285714284,0.15196078431372548,0.09507042253521127,3,9,0.34615384615384615,0.13138686131386862,0.42105263157894735,5,2,3,0.8205128205128205,0.8888888888888888,0.06837606837606836,62.7,0.5116279069767442,0.2857142857142857,0
tarea_4,temp_converter_1.py,temp_converter_1.py,6,0,4,0,2,2,0,0,0,0,16,0,0,0,0,0,0,0,0,0,0,0,0,6,0,0,0,40,4,4,0,0,1,0,26,0,1.0,10,0,30,30,30,1.0,0.410958904109589,1.0,0,10,1.0,1.0,1.0,3,3,0,0.7647058823529411,0.7647058823529411,0.0,0.0,1.0,1.0,1
tarea_4,temp_converter_1.py,temp_converter_1_tipo2.py,6,0,4,0,2,2,0,0,0,0,16,0,0,0,0,0,0,0,0,0,0,0,0,6,0,0,0,40,4,4,0,0,1,0,27,0,0.23529411764705882,4,13,20,30,31,0.4878048780487805,0.273972602739726,0.1588785046728972,2,7,0.5384615384615384,0.7222222222222222,0.625,3,3,0,0.7647058823529411,0.7777777777777778,0.013071895424836666,0.6666666666666643,1.0,0.0,2
tarea_4,temp_converter_1.py,temp_converter_1_tipo3.py,4,0,4,0,2,2,0,0,0,0,20,1,0,0,0,0,0,1,0,0,0,0,0,8,2,0,0,41,6,5,0,1,3,0,34,0,0.29411764705882354,5,12,21,30,44,0.39622641509433965,0.2876712328767123,0.16296296296296298,31,6,0.35294117647058826,0.4632768361581921,0.42105263157894735,3,5,2,0.7647058823529411,0.7777777777777778,0.013071895424836666,3.5333333333333314,0.7027027027027027,0.0,3
tarea_4,temp_converter_1.py,temp_noplagio_2.py,11,0,6,2,4,4,0,0,0,0,28,3,0,0,0,0,0,0,0,0,0,0,0,13,3,3,0,60,8,14,0,0,4,0,46,0,0.35294117647058826,6,11,20,30,49,0.3389830508474576,0.273972602739726,0.07027027027027027,144,5,0.25,0.10344827586206896,0.3157894736842105,3,10,7,0.7647058823529411,0.7021276595744681,0.06257822277847302,2.633333333333333,0.5,0.0,0
tarea_4,temp_converter_1.py,temp_noplagio_1.py,8,0,6,4,5,5,0,0,0,0,21,1,0,0,0,0,0,0,0,0,0,1,0,5,1,0,0,54,4,5,7,0,2,0,37,0,0.2,4,16,20,30,50,0.3333333333333333,0.273972602739726,0.06060606060606061,134,5,0.23809523809523808,0.18571428571428572,0.5882352941176471,3,2,1,0.7647058823529411,0.8888888888888888,0.12418300653594772,79.16666666666667,0.7741935483870968,0.4,0
tarea_5,password_validator_1.py,password_validator_1.py,12,0,0,0,0,0,0,0,0,0,24,0,0,2,0,0,0,0,0,2,0,0,0,4,10,0,0,72,12,2,14,0,2,0,46,0,1.0,15,0,44,44,44,1.0,0.31654676258992803,1.0,0,10,1.0,1.0,1.0,2,2,0,0.8214285714285714,0.8214285714285714,0.0,0.0,1.0,1.0,1
tarea_5,password_validator_1.py,password_validator_1_tipo2.py,12,0,0,0,0,0,0,0,0,0,24,0,0,2,0,0,0,0,0,2,0,0,0,4,10,0,0,72,12,2,14,0,2,0,46,0,0.24,6,19,28,44,45,0.45901639344262296,0.2014388489208633,0.18994413407821228,0,3,0.17647058823529413,0.7553956834532374,0.7777777777777778,2,2,0,0.8214285714285714,0.8214285714285714,0.0,0.0,1.0,0.0,2
tarea_5,password_validator_1.py,password_validator_1_tipo3.py,10,0,0,0,0,0,0,0,1,0,26,1,0,1,0,0,1,0,0,2,0,0,0,8,9,0,0,69,14,5,7,1,3,0,48,0,0.2916666666666667,7,17,26,44,46,0.40625,0.18705035971223022,0.15508021390374332,13,3,0.2,0.5567010309278351,0.47619047619047616,2,6,4,0.8214285714285714,0.7352941176470589,0.08613445378151252,44.16666666666667,0.7241379310344828,0.0,3
tarea_5,password_validator_1.py,password_noplagio_1.py,10,0,0,0,0,0,0,0,0,0,29,0,0,1,0,0,1,0,0,2,0,1,1,5,6,1,0,78,8,2,8,0,3,0,43,0,0.32,8,17,27,44,54,0.38028169014084506,0.19424460431654678,0.16666666666666666,31,1,0.05263157894736842,0.511326860841424,0.6363636363636364,2,3,1,0.8214285714285714,0.7407407407407407,0.0806878306878307,12.833333333333336,0.5714285714285714,0.4,0
tarea_5,password_validator_1.py,password_noplagio_2.py,7,0,0,0,0,0,0,0,0,0,34,0,0,1,0,0,1,0,0,2,0,0,0,6,6,1,1,71,8,2,7,0,2,0,46,0,0.2727272727272727,6,16,24,44,44,0.375,0.17266187050359713,0.13114754098360656,5,1,0.05263157894736842,0.49469964664310956,0.35714285714285715,2,4,2,0.8214285714285714,0.7419354838709677,0.07949308755760365,33.5,0.4074074074074074,0.0,0
tarea_5,password_validator_2.py,password_validator_2.py,16,0,0,0,0,0,0,0,0,0,24,0,0,2,0,0,0,0,0,0,0,2,2,4,12,2,0,64,2,2,2,0,3,0,54,0,1.0,11,0,52,52,52,1.0,0.3561643835616438,1.0,0,20,1.0,1.0,1.0,2,2,0,0.84375,0.84375,0.0,0.0,1.0,1.0,1
tarea_5,password_validator_2.py,password_validator_2_tipo2.py,16,0,0,0,0,0,0,0,0,0,24,0,0,2,0,0,0,0,0,0,0,2,2,4,12,2,0,64,2,2,2,0,3,0,55,0,0.35294117647058826,6,11,34,52,53,0.4788732394366197,0.2328767123287671,0.20652173913043478,0,8,0.25,0.7945205479452054,0.7142857142857143,2,2,0,0.84375,0.8484848484848485,0.004734848484848508,0.0,1.0,0.0,2
tarea_5,password_validator_2.py,password_validator_2_tipo3.py,12,0,0,0,0,0,0,0,0,0,33,0,0,1,0,0,1,0,0,0,0,2,3,7,9,2,1,74,5,4,2,1,4,0,57,0,0.2857142857142857,6,15,30,52,57,0.379746835443038,0.2054794520547945,0.1111111111111111,44,3,0.09090909090909091,0.5,0.47619047619047616,2,5,3,0.84375,0.7692307692307693,0.07451923076923073,35.0,0.5517241379310345,0.0,3
tarea_5,password_validator_2.py,password_noplagio_1.py,12,0,0,0,0,0,0,0,0,0,29,0,0,1,0,0,1,0,0,1,0,2,2,5,7,2,0,74,3,2,2,0,3,0,47,0,0.2608695652173913,6,17,28,52,54,0.358974358974359,0.1917808219178082,0.06278026905829596,24,3,0.1111111111111111,0.27848101265822783,0.4,2,3,1,0.84375,0.7407407407407407,0.1030092592592593,16.333333333333336,0.7391304347826086,0.0,0
tarea_5,password_validator_2.py,password_noplagio_2.py,9,0,0,0,0,0,0,0,0,0,34,0,0,1,0,0,1,0,0,1,0,1,1,6,7,2,1,67,3,2,1,0,3,0,50,0,0.2,4,16,21,52,44,0.28,0.14383561643835616,0.028985507246376812,2,1,0.034482758620689655,0.16551724137931034,0.23076923076923078,2,4,2,0.84375,0.7419354838709677,0.10181451612903225,37.0,0.5098039215686274,0.0,0
tarea_5,password_validator_3.py,password_validator_3.py,8,0,0,0,0,0,0,0,0,0,26,0,0,2,0,0,0,0,0,2,0,0,0,6,10,0,0,64,12,6,14,0,2,0,38,0,1.0,14,0,46,46,46,1.0,0.2875,1.0,0,10,1.0,1.0,1.0,3,3,0,0.7307692307692307,0.7307692307692307,0.0,0.0,1.0,1.0,1
tarea_5,password_validator_3.py,password_validator_3_tipo2.py,8,0,0,0,0,0,0,0,0,0,26,0,0,2,0,0,0,0,0,2,0,0,0,6,10,0,0,64,12,6,14,0,2,0,38,0,0.3333333333333333,7,14,31,46,46,0.5081967213114754,0.19375,0.2976190476190476,0,3,0.17647058823529413,0.825,0.7777777777777778,3,3,0,0.7307692307692307,0.7307692307692307,0.0,0.0,1.0,0.3333333333333333,2
tarea_5,password_validator_3.py,password_validator_3_tipo3.py,8,0,0,0,0,0,0,0,1,0,35,0,0,1,0,0,1,0,0,2,0,0,1,11,10,1,1,72,12,11,7,1,4,0,56,0,0.4,8,12,28,46,56,0.3783783783783784,0.175,0.14285714285714285,93,2,0.1111111111111111,0.08716707021791767,0.3157894736842105,3,8,5,0.7307692307692307,0.7551020408163265,0.024332810047095754,21.708333333333336,0.4594594594594595,0.18181818181818182,3
tarea_5,password_validator_3.py,password_noplagio_1.py,8,0,0,0,0,0,0,0,0,0,30,0,0,1,0,0,1,0,0,2,0,1,1,6,6,1,0,74,8,4,8,0,3,0,39,0,0.28,7,18,26,46,54,0.35135135135135137,0.1625,0.11320754716981132,10,1,0.05263157894736842,0.4727272727272727,0.5454545454545454,3,3,0,0.7307692307692307,0.7407407407407407,0.009971509971509973,3.3333333333333286,0.6274509803921569,0.0,0
tarea_5,password_validator_3.py,password_noplagio_2.py,5,0,0,0,0,0,0,0,0,0,35,0,0,1,0,0,1,0,0,2,0,0,0,7,6,1,1,67,8,4,7,0,2,0,42,0,0.2857142857142857,6,15,24,46,44,0.36363636363636365,0.15,0.1276595744680851,16,1,0.05263157894736842,0.4868421052631579,0.42857142857142855,3,4,1,0.7307692307692307,0.7419354838709677,0.011166253101737023,17.333333333333336,0.4642857142857143,0.0,0
tarea_6,bubble_sort_3.py,bubble_sort_3.py,10,2,6,6,0,0,0,0,0,0,22,0,0,0,0,2,0,0,0,0,0,0,4,6,2,0,2,82,2,6,4,0,4,0,36,0,1.0,14,0,43,43,43,1.0,0.2986111111111111,1.0,0,11,1.0,1.0,1.0,3,3,0,0.8181818181818182,0.8181818181818182,0.0,0.0,1.0,1.0,1
tarea_6,bubble_sort_3.py,bubble_sort_3_tipo2.py,10,2,6,6,0,0,0,0,0,0,22,0,0,0,0,2,0,0,0,0,0,0,4,6,2,0,2,82,2,6,4,0,4,0,36,0,0.2727272727272727,6,16,31,43,43,0.5636363636363636,0.2152777777777778,0.24210526315789474,0,8,0.5714285714285714,0.7708333333333334,0.7,3,3,0,0.8181818181818182,0.8181818181818182,0.0,0.0,1.0,0.0,2
tarea_6,bubble_sort_3.py,bubble_sort_3_tipo3.py,9,1,7,5,0,0,0,0,0,0,25,1,0,0,0,2,0,0,0,0,0,0,4,7,4,0,2,85,4,6,4,1,4,0,42,0,0.3333333333333333,8,16,26,43,50,0.3880597014925373,0.18055555555555555,0.15695067264573992,22,2,0.11764705882352941,0.5612903225806452,0.45454545454545453,3,4,1,0.8181818181818182,0.8275862068965517,0.00940438871473348,6.5,0.7555555555555555,0.2857142857142857,3
tarea_6,bubble_sort_3.py,bubble_noplagio_1.py,11,1,7,5,0,0,0,0,0,0,23,0,0,0,0,2,0,0,0,0,0,0,4,5,3,0,1,80,1,4,4,0,4,0,34,0,0.30434782608695654,7,16,24,43,43,0.3870967741935484,0.16666666666666666,0.15384615384615385,17,2,0.13333333333333333,0.5830258302583026,0.4,3,2,1,0.8181818181818182,0.8421052631578947,0.023923444976076458,15.5,0.8333333333333334,0.0,0
tarea_6,bubble_sort_3.py,bubble_noplagio_2.py,10,1,6,5,0,0,0,0,0,0,21,0,0,0,0,2,0,0,0,0,0,0,5,6,2,0,3,81,2,5,5,0,4,0,34,0,0.5263157894736842,10,9,29,43,41,0.5272727272727272,0.2013888888888889,0.20725388601036268,6,2,0.11764705882352941,0.6099290780141844,0.4444444444444444,3,3,0,0.8181818181818182,0.8,0.018181818181818188,2.0,0.8888888888888888,0.6666666666666666,0
tarea_6,bubble_sort_2.py,bubble_sort_2.py,12,4,10,4,0,0,0,0,0,0,32,2,0,0,0,2,0,0,0,0,0,0,4,4,4,2,2,104,2,2,4,0,4,0,54,0,1.0,13,0,50,50,50,1.0,0.2994011976047904,1.0,0,17,1.0,1.0,1.0,2,2,0,0.9,0.9,0.0,0.0,1.0,1.0,1
tarea_6,bubble_sort_2.py,bubble_sort_2_tipo2.py,12,4,10,4,0,0,0,0,0,0,32,2,0,0,0,2,0,0,0,0,0,0,4,4,4,2,2,104,2,2,4,0,4,0,55,0,0.3684210526315789,7,12,36,50,50,0.5625,0.2155688622754491,0.3148148148148148,0,9,0.36,0.8203592814371258,0.8666666666666667,2,2,0,0.9,0.9032258064516129,0.003225806451612856,0.0,1.0,0.0,2
tarea_6,bubble_sort_2.py,bubble_sort_2_tipo3.py,12,3,8,4,0,0,0,0,0,0,31,2,0,0,0,2,0,0,0,0,0,0,4,5,5,1,2,98,4,2,6,1,4,0,53,0,0.24,6,19,28,50,55,0.36363636363636365,0.16766467065868262,0.12167300380228137,9,2,0.08695652173913043,0.4897959183673469,0.37037037037037035,2,3,1,0.9,0.8666666666666667,0.033333333333333326,24.833333333333336,0.72,0.0,3
tarea_6,bubble_sort_2.py,bubble_noplagio_1.py,12,2,9,4,0,0,0,0,0,0,28,1,0,0,0,2,0,0,0,0,0,0,4,4,4,1,1,91,1,2,4,0,4,0,43,0,0.3181818181818182,7,15,26,50,43,0.3880597014925373,0.15568862275449102,0.1527777777777778,40,2,0.09523809523809523,0.5782312925170068,0.4,2,2,0,0.9,0.8421052631578947,0.05789473684210533,20.0,0.8780487804878049,0.0,0
tarea_6,bubble_sort_2.py,bubble_noplagio_2.py,11,2,8,4,0,0,0,0,0,0,26,1,0,0,0,2,0,0,0,0,0,0,5,5,3,1,3,92,2,3,5,0,4,0,43,0,0.3333333333333333,7,14,28,50,41,0.4444444444444444,0.16766467065868262,0.15246636771300448,29,3,0.13636363636363635,0.4721311475409836,0.34782608695652173,2,3,1,0.9,0.8,0.09999999999999998,37.5,0.7804878048780488,0.0,0
tarea_6,bubble_sort_1.py,bubble_sort_1.py,8,0,8,4,2,0,0,0,0,0,28,0,0,0,0,2,0,0,0,0,0,0,4,4,2,0,2,80,2,2,4,0,4,0,36,0,1.0,11,0,46,46,46,1.0,0.3194444444444444,1.0,0,17,1.0,1.0,1.0,2,2,0,0.8571428571428571,0.8571428571428571,0.0,0.0,1.0,1.0,1
tarea_6,bubble_sort_1.py,bubble_sort_1_tipo2.py,8,0,8,4,2,0,0,0,0,0,28,0,0,0,0,2,0,0,0,0,0,0,4,4,2,0,2,80,2,2,4,0,4,0,36,0,0.29411764705882354,5,12,36,46,46,0.6428571428571429,0.25,0.3149171270718232,0,13,0.6190476190476191,0.8194444444444444,0.8461538461538461,2,2,0,0.8571428571428571,0.8571428571428571,0.0,0.0,1.0,0.0,2
tarea_6,bubble_sort_1.py,bubble_sort_1_tipo3.py,9,0,9,4,1,0,0,0,0,0,31,1,0,0,0,2,0,0,0,0,0,0,4,5,4,0,2,89,4,2,4,1,4,0,43,1,0.35,7,13,26,46,53,0.3561643835616438,0.18055555555555555,0.2336448598130841,27,3,0.11538461538461539,0.6031746031746031,0.37037037037037035,2,3,1,0.8571428571428571,0.8620689655172413,0.0049261083743842304,15.0,0.7346938775510204,0.0,3
tarea_6,bubble_sort_1.py,bubble_noplagio_1.py,10,0,8,4,1,0,0,0,0,0,26,0,0,0,0,2,0,0,0,0,0,0,4,4,3,0,1,79,1,2,4,0,4,0,34,0,0.5,9,9,27,46,43,0.43548387096774194,0.1875,0.23497267759562843,17,2,0.09523809523809523,0.6420664206642066,0.6086956521739131,2,2,0,0.8571428571428571,0.8421052631578947,0.015037593984962405,8.5,0.8421052631578947,1.0,0
tarea_6,bubble_sort_1.py,bubble_noplagio_2.py,9,0,7,4,1,0,0,0,0,0,24,0,0,0,0,2,0,0,0,0,0,0,5,5,2,0,3,80,2,3,5,0,4,0,34,0,0.3684210526315789,7,12,26,46,41,0.4262295081967213,0.18055555555555555,0.25806451612903225,6,2,0.08695652173913043,0.5815602836879432,0.38095238095238093,2,3,1,0.8571428571428571,0.8,0.05714285714285705,26.0,0.8421052631578947,0.0,0
tarea_7,blackjack_3.py,blackjack_3.py,12,2,0,0,0,0,0,0,0,2,34,0,2,2,2,4,2,0,0,0,0,0,0,6,16,8,0,82,0,8,0,2,4,0,74,2,1.0,12,0,58,58,58,1.0,0.29292929292929293,1.0,0,19,1.0,1.0,1.0,3,3,0,0.8409090909090909,0.8409090909090909,0.0,0.0,1.0,1.0,1
tarea_7,blackjack_3.py,blackjack_3_tipo2.py,12,2,0,0,0,0,0,0,0,2,34,0,2,2,2,4,2,0,0,0,0,0,0,6,16,8,0,82,0,8,0,2,4,0,77,2,0.2,4,16,39,58,59,0.5,0.19696969696969696,0.21323529411764705,0,11,0.39285714285714285,0.7474747474747475,0.7692307692307693,3,3,0,0.8409090909090909,0.851063829787234,0.01015473887814311,0.0,1.0,0.3333333333333333,2
tarea_7,blackjack_3.py,blackjack_3_tipo3.py,11,2,0,0,0,0,0,0,1,2,27,1,1,2,1,3,2,0,0,0,0,0,0,8,13,7,0,72,4,11,0,2,4,0,68,1,0.3684210526315789,7,12,41,58,58,0.5466666666666666,0.20707070707070707,0.21933085501858737,10,7,0.2916666666666667,0.49222797927461137,0.5,3,5,2,0.8409090909090909,0.775,0.06590909090909092,28.4,0.6785714285714286,0.25,3
tarea_7,blackjack_3.py,blackjack_noplagio_2.py,11,3,0,0,0,0,0,0,0,2,32,0,2,4,2,3,2,0,0,0,0,0,0,8,13,7,1,77,3,6,0,3,4,0,69,1,0.13636363636363635,3,19,35,58,61,0.4166666666666667,0.17676767676767677,0.0903010033444816,14,10,0.3125,0.28272251308900526,0.3076923076923077,3,5,2,0.8409090909090909,0.8,0.040909090909090895,29.200000000000003,0.6101694915254238,0.0,0
tarea_7,blackjack_3.py,blackjack_noplagio_1.py,9,1,0,0,0,0,0,0,0,2,38,0,2,3,1,3,1,0,0,0,0,0,0,4,12,6,2,72,1,4,0,3,4,0,60,1,0.3333333333333333,5,10,31,58,48,0.41333333333333333,0.15656565656565657,0.09765625,36,6,0.21428571428571427,0.3611111111111111,0.5161290322580645,3,1,2,0.8409090909090909,0.8518518518518519,0.01094276094276092,96.0,0.5245901639344263,0.0,0
tarea_7,blackjack_2.py,blackjack_2.py,10,2,0,0,0,0,0,0,0,2,34,2,2,4,2,2,2,0,0,0,0,0,0,8,14,10,0,72,4,6,0,2,4,0,66,2,1.0,15,0,57,57,57,1.0,0.3413173652694611,1.0,0,17,1.0,1.0,1.0,4,4,0,0.825,0.825,0.0,0.0,1.0,1.0,1
tarea_7,blackjack_2.py,blackjack_2_tipo2.py,9,2,0,0,0,0,0,0,0,2,33,2,2,4,2,2,2,0,0,0,0,0,0,8,13,9,0,70,4,6,0,2,4,0,63,2,0.2608695652173913,6,17,38,57,56,0.5066666666666667,0.2275449101796407,0.196,7,7,0.25925925925925924,0.6972477064220184,0.5925925925925926,4,4,0,0.825,0.8108108108108109,0.0141891891891891,1.75,0.9666666666666667,0.0,2
tarea_7,blackjack_2.py,blackjack_2_tipo3.py,9,2,0,0,0,0,0,0,0,3,26,3,1,3,1,2,1,0,0,0,0,0,0,8,12,5,0,62,8,6,0,2,4,0,57,2,0.5789473684210527,11,8,39,57,50,0.5735294117647058,0.23353293413173654,0.21304347826086956,33,7,0.2916666666666667,0.5913621262458472,0.43478260869565216,4,4,0,0.825,0.7741935483870968,0.0508064516129032,8.25,0.7586206896551724,0.75,3
tarea_7,blackjack_2.py,blackjack_noplagio_2.py,10,3,0,0,0,0,0,0,0,2,32,1,2,5,2,2,2,0,0,0,0,0,0,9,12,8,1,72,5,5,0,3,4,0,65,1,0.21739130434782608,5,18,36,57,61,0.43902439024390244,0.2155688622754491,0.13768115942028986,17,7,0.21212121212121213,0.6096866096866097,0.4444444444444444,4,5,1,0.825,0.8,0.02499999999999991,4.950000000000003,0.6885245901639344,0.0,0
tarea_7,blackjack_2.py,blackjack_noplagio_1.py,8,1,0,0,0,0,0,0,0,2,38,1,2,4,1,2,1,0,0,0,0,0,0,5,11,7,2,67,3,3,0,3,4,0,56,1,0.21052631578947367,4,15,31,57,48,0.4189189189189189,0.18562874251497005,0.11618257261410789,5,6,0.23076923076923078,0.4376899696048632,0.25,4,1,3,0.825,0.8518518518518519,0.026851851851851904,120.25,0.5079365079365079,0.0,0
tarea_7,blackjack_1.py,blackjack_1.py,14,4,0,0,0,0,0,0,0,2,30,0,2,4,0,4,0,0,0,0,0,0,0,8,10,4,0,76,10,0,0,4,3,0,68,0,1.0,12,0,49,49,49,1.0,0.3223684210526316,1.0,0,15,1.0,1.0,1.0,4,4,0,0.8292682926829268,0.8292682926829268,0.0,0.0,1.0,1.0,1
tarea_7,blackjack_1.py,blackjack_1_tipo2.py,14,4,0,0,0,0,0,0,0,2,30,0,2,4,0,4,0,0,0,0,0,0,0,8,10,4,0,76,10,0,0,4,3,0,68,0,0.2,4,16,34,49,49,0.53125,0.2236842105263158,0.2182741116751269,0,7,0.2916666666666667,0.7697368421052632,0.6153846153846154,4,4,0,0.8292682926829268,0.8292682926829268,0.0,0.0,1.0,0.0,2
tarea_7,blackjack_1.py,blackjack_1_tipo3.py,13,4,0,0,0,0,0,0,0,2,29,1,2,3,0,4,0,0,0,0,0,0,0,9,10,5,0,74,12,2,0,4,4,0,68,0,0.4444444444444444,8,10,37,49,51,0.5873015873015873,0.24342105263157895,0.3333333333333333,6,8,0.34782608695652173,0.7096774193548387,0.64,4,5,1,0.8292682926829268,0.8095238095238095,0.019744483159117254,6.399999999999999,0.71875,0.4444444444444444,3
tarea_7,blackjack_1.py,blackjack_noplagio_2.py,12,4,0,0,0,0,0,0,0,2,30,0,2,5,1,3,1,0,0,0,0,0,0,9,10,5,1,74,8,2,0,4,4,0,66,0,0.19047619047619047,4,17,34,49,61,0.4473684210526316,0.2236842105263158,0.128,32,9,0.3103448275862069,0.3273809523809524,0.46153846153846156,4,5,1,0.8292682926829268,0.8,0.029268292682926744,1.2000000000000028,0.7868852459016393,0.2222222222222222,0
tarea_7,blackjack_1.py,blackjack_noplagio_1.py,10,2,0,0,0,0,0,0,0,2,36,0,2,4,0,3,0,0,0,0,0,0,0,5,9,4,2,69,6,0,0,4,3,0,57,0,0.3333333333333333,5,10,33,49,48,0.515625,0.21710526315789475,0.1339712918660287,10,7,0.30434782608695654,0.5095541401273885,0.3870967741935484,4,1,3,0.8292682926829268,0.8518518518518519,0.02258355916892507,124.0,0.6666666666666666,0.0,0
tarea_8,dice_sim_3.py,dice_sim_3.py,10,2,2,2,6,2,2,0,0,0,24,0,0,0,0,0,0,0,0,0,0,0,4,8,0,0,2,66,4,4,2,0,2,0,34,0,1.0,20,0,46,46,46,1.0,0.39655172413793105,1.0,0,14,1.0,1.0,1.0,4,4,0,0.7083333333333334,0.7083333333333334,0.0,0.0,1.0,1.0,1
tarea_8,dice_sim_3.py,dice_sim_3_tipo2.py,12,2,2,2,6,2,2,0,0,0,24,0,0,0,0,0,0,0,0,0,0,0,4,8,0,0,2,70,4,4,2,0,2,0,36,0,0.2647058823529412,9,25,32,46,52,0.48484848484848486,0.27586206896551724,0.1881720430107527,12,11,0.6470588235294118,0.7049180327868853,0.5454545454545454,4,4,0,0.7083333333333334,0.7307692307692307,0.022435897435897356,3.0,1.0,0.0,2
tarea_8,dice_sim_3.py,dice_sim_3_tipo3.py,10,2,1,1,3,1,1,0,0,0,29,1,0,0,1,0,0,0,0,0,0,0,4,10,2,0,1,68,5,7,2,1,3,0,46,0,0.35714285714285715,10,18,30,46,63,0.379746835443038,0.25862068965517243,0.09387755102040816,69,4,0.2,0.4186046511627907,0.45454545454545453,4,6,2,0.7083333333333334,0.7435897435897436,0.03525641025641024,1.8333333333333321,0.7058823529411765,0.0,3
tarea_8,dice_sim_3.py,dice_noplagio_1.py,9,1,3,1,4,1,2,0,0,0,23,0,0,0,0,0,0,0,0,0,0,0,3,8,0,0,1,62,4,4,1,0,2,0,31,0,0.3076923076923077,8,18,27,46,44,0.42857142857142855,0.23275862068965517,0.12432432432432433,2,5,0.2631578947368421,0.42735042735042733,0.2,4,4,0,0.7083333333333334,0.6666666666666666,0.04166666666666674,0.5,0.9473684210526315,0.0,0
tarea_8,dice_sim_3.py,dice_noplagio_2.py,10,3,1,2,4,1,1,0,0,0,23,0,0,0,0,0,1,0,0,0,0,0,5,8,0,0,2,67,4,5,1,0,3,0,37,0,0.21875,7,25,28,46,49,0.417910447761194,0.2413793103448276,0.1330049261083744,17,3,0.15,0.4979919678714859,0.2857142857142857,4,4,0,0.7083333333333334,0.7407407407407407,0.03240740740740733,4.25,0.95,0.0,0
tarea_8,dice_sim_2.py,dice_sim_2.py,10,2,0,0,2,0,2,0,0,0,22,0,0,0,0,0,0,0,0,0,0,0,4,6,0,0,0,64,2,4,0,0,2,0,30,0,1.0,16,0,43,43,43,1.0,0.39090909090909093,1.0,0,11,1.0,1.0,1.0,3,3,0,0.7142857142857143,0.7142857142857143,0.0,0.0,1.0,1.0,1
tarea_8,dice_sim_2.py,dice_sim_2_tipo2.py,10,2,0,0,2,0,2,0,0,0,23,0,0,0,0,0,0,0,0,0,0,0,4,6,0,0,0,65,2,4,0,0,2,0,33,0,0.2692307692307692,7,19,31,43,47,0.5254237288135594,0.2818181818181818,0.19642857142857142,8,9,0.6428571428571429,0.7368421052631579,0.47619047619047616,3,3,0,0.7142857142857143,0.75,0.0357142857142857,2.6666666666666714,0.9714285714285714,0.0,2
tarea_8,dice_sim_2.py,dice_sim_2_tipo3.py,9,2,0,0,1,0,1,0,0,0,27,1,0,0,1,0,0,0,0,0,0,0,4,8,2,0,0,67,4,4,1,1,3,0,42,0,0.36,9,16,32,43,58,0.463768115942029,0.2909090909090909,0.21693121693121692,44,5,0.3125,0.5151515151515151,0.5217391304347826,3,5,2,0.7142857142857143,0.7714285714285715,0.05714285714285716,5.866666666666664,0.6086956521739131,0.0,3
tarea_8,dice_sim_2.py,dice_noplagio_1.py,9,1,2,0,2,0,2,0,0,0,22,0,0,0,0,0,0,0,0,0,0,0,3,7,0,0,0,61,3,4,0,0,2,0,29,0,0.25,6,18,27,43,44,0.45,0.24545454545454545,0.14285714285714285,8,6,0.4,0.4824561403508772,0.42105263157894735,3,4,1,0.7142857142857143,0.6666666666666666,0.04761904761904767,7.166666666666664,0.9142857142857143,0.0,0
tarea_8,dice_sim_2.py,dice_noplagio_2.py,10,3,0,1,2,0,1,0,0,0,22,0,0,0,0,0,1,0,0,0,0,0,5,7,0,0,1,66,3,5,0,0,3,0,35,0,0.25,7,21,26,43,49,0.3939393939393939,0.23636363636363636,0.09359605911330049,23,3,0.17647058823529413,0.24691358024691357,0.3,3,4,1,0.7142857142857143,0.7407407407407407,0.026455026455026398,3.4166666666666643,0.7027027027027027,0.0,0
tarea_8,dice_sim_1.py,dice_sim_1.py,8,0,0,0,2,0,0,0,0,0,26,0,0,0,0,0,0,0,0,0,0,0,2,6,0,0,0,54,2,4,0,0,2,0,26,0,1.0,17,0,43,43,43,1.0,0.4215686274509804,1.0,0,11,1.0,1.0,1.0,3,3,0,0.65,0.65,0.0,0.0,1.0,1.0,1
tarea_8,dice_sim_1.py,dice_sim_1_tipo2.py,8,0,0,0,2,0,0,0,0,0,27,0,0,0,0,0,0,0,0,0,0,0,2,6,0,0,0,55,2,4,0,0,2,0,29,0,0.3076923076923077,8,18,30,43,46,0.5084745762711864,0.29411764705882354,0.23417721518987342,8,7,0.4375,0.7452830188679245,0.5217391304347826,3,3,0,0.65,0.6956521739130435,0.04565217391304344,2.6666666666666643,0.972972972972973,0.0,2
tarea_8,dice_sim_1.py,dice_sim_1_tipo3.py,7,0,0,0,1,0,0,0,0,0,30,1,0,0,1,0,0,0,0,0,0,0,2,9,2,0,0,58,6,5,0,1,3,0,39,0,0.4074074074074074,11,16,33,43,58,0.4852941176470588,0.3235294117647059,0.18134715025906736,48,6,0.4,0.5555555555555556,0.5384615384615384,3,6,3,0.65,0.7222222222222222,0.07222222222222219,9.0,0.56,0.0,3
tarea_8,dice_sim_1.py,dice_noplagio_1.py,8,0,2,0,2,0,1,0,0,0,24,0,0,0,0,0,0,0,0,0,0,0,2,7,0,0,0,56,3,4,0,0,2,0,27,0,0.24,6,19,24,43,44,0.38095238095238093,0.23529411764705882,0.13793103448275862,16,5,0.3125,0.5727272727272728,0.4,3,4,1,0.65,0.6666666666666666,0.016666666666666607,4.5,0.8888888888888888,0.0,0
tarea_8,dice_sim_1.py,dice_noplagio_2.py,9,2,0,1,2,0,0,0,0,0,24,0,0,0,0,0,1,0,0,0,0,0,4,7,0,0,1,61,3,5,0,0,3,0,33,0,0.3333333333333333,9,18,27,43,49,0.4153846153846154,0.2647058823529412,0.13402061855670103,31,3,0.17647058823529413,0.502127659574468,0.6666666666666666,3,4,1,0.65,0.7407407407407407,0.09074074074074068,0.75,0.631578947368421,0.5714285714285714,0
tarea_9,notas_2.py,notas_2.py,14,0,2,0,0,0,0,0,0,0,48,8,0,0,0,0,0,0,0,2,0,2,2,10,12,12,0,108,2,8,2,2,6,0,90,0,1.0,16,0,65,65,65,1.0,0.3140096618357488,1.0,0,23,1.0,1.0,1.0,5,5,0,0.8823529411764706,0.8823529411764706,0.0,0.0,1.0,1.0,1
tarea_9,notas_2.py,notas_2_tipo2.py,14,0,2,0,0,0,0,0,0,0,48,8,0,0,0,0,0,0,0,2,0,2,2,10,12,12,0,108,2,8,2,2,6,0,90,0,0.21428571428571427,6,22,42,65,67,0.4666666666666667,0.2028985507246377,0.14426229508196722,0,10,0.2857142857142857,0.5314009661835749,0.7391304347826086,5,5,0,0.8823529411764706,0.8823529411764706,0.0,0.0,1.0,0.0,2
tarea_9,notas_2.py,notas_2_tipo3.py,11,0,1,0,0,0,0,0,0,0,48,9,0,0,0,0,0,0,0,1,0,1,2,10,12,11,1,96,2,7,2,2,6,0,84,0,0.25,6,18,29,65,59,0.30526315789473685,0.14009661835748793,0.1347517730496454,25,6,0.15789473684210525,0.6272493573264781,0.6363636363636364,5,5,0,0.8823529411764706,0.8666666666666667,0.015686274509803866,5.0,0.8157894736842105,0.2,3
tarea_9,notas_2.py,notas_noplagio_1.py,12,0,1,1,0,0,0,0,0,0,44,9,0,1,1,0,0,0,0,1,0,1,2,9,13,10,1,94,2,4,2,2,6,0,69,0,0.23076923076923078,6,20,35,65,61,0.38461538461538464,0.16908212560386474,0.10726643598615918,38,6,0.17647058823529413,0.4787234042553192,0.24390243902439024,5,4,1,0.8823529411764706,0.6,0.2823529411764706,0.8500000000000014,0.7777777777777778,0.2222222222222222,0
tarea_9,notas_2.py,notas_noplagio_2.py,12,0,2,1,0,0,0,0,0,0,42,8,0,1,1,0,0,0,0,1,0,1,2,9,11,9,2,91,1,4,2,2,6,0,72,0,0.2222222222222222,6,21,32,65,59,0.34782608695652173,0.15458937198067632,0.08928571428571429,52,7,0.23333333333333334,0.4143646408839779,0.32432432432432434,5,4,1,0.8823529411764706,0.75,0.13235294117647056,2.6499999999999986,0.8059701492537313,0.2222222222222222,0
tarea_9,notas_3.py,notas_3.py,10,0,2,2,0,0,0,0,0,0,60,8,0,2,2,0,0,0,0,0,0,0,4,12,12,10,2,130,4,8,2,2,6,0,92,0,1.0,24,0,85,85,85,1.0,0.31716417910447764,1.0,0,23,1.0,1.0,1.0,6,6,0,0.8070175438596491,0.8070175438596491,0.0,0.0,1.0,1.0,1
tarea_9,notas_3.py,notas_3_tipo2.py,10,0,2,2,0,0,0,0,0,0,60,8,0,2,2,0,0,0,0,0,0,0,4,12,12,10,2,130,4,8,2,2,6,0,92,0,0.23076923076923078,9,30,58,85,85,0.5178571428571429,0.21641791044776118,0.2011173184357542,0,12,0.35294117647058826,0.6044776119402985,0.68,6,6,0,0.8070175438596491,0.8070175438596491,0.0,0.0,1.0,0.0,2
tarea_9,notas_3.py,notas_3_tipo3.py,9,0,2,1,0,0,0,0,0,0,54,7,0,1,1,0,0,0,0,0,0,0,4,12,11,9,2,116,4,7,2,2,6,0,85,0,0.5357142857142857,15,13,50,85,67,0.49019607843137253,0.1865671641791045,0.292358803986711,56,9,0.2727272727272727,0.5291666666666667,0.4888888888888889,6,6,0,0.8070175438596491,0.78,0.02701754385964905,9.333333333333329,0.7126436781609196,0.6666666666666666,3
tarea_9,notas_3.py,notas_noplagio_1.py,10,0,1,2,0,0,0,0,0,0,50,9,0,2,2,0,0,0,0,0,0,0,3,10,13,9,2,105,3,4,2,2,6,0,70,0,0.2903225806451613,9,22,43,85,61,0.4174757281553398,0.16044776119402984,0.14873417721518986,99,8,0.25,0.4302059496567506,0.37209302325581395,6,4,2,0.8070175438596491,0.6,0.2070175438596491,2.4166666666666643,0.691358024691358,0.2,0
tarea_9,notas_3.py,notas_noplagio_2.py,10,0,2,2,0,0,0,0,0,0,48,8,0,2,2,0,0,0,0,0,0,0,3,10,11,8,3,102,2,4,2,2,6,0,73,0,0.3225806451612903,10,21,42,85,59,0.4117647058823529,0.15671641791044777,0.15614617940199335,113,7,0.23333333333333334,0.48699763593380613,0.5128205128205128,6,4,2,0.8070175438596491,0.75,0.05701754385964908,5.916666666666664,0.6842105263157895,0.2,0
tarea_9,notas_1.py,notas_1.py,10,0,0,2,0,0,0,0,0,0,54,8,0,2,2,0,0,0,0,0,0,0,2,10,14,12,2,106,0,6,2,2,6,0,88,0,1.0,18,0,67,67,67,1.0,0.32211538461538464,1.0,0,22,1.0,1.0,1.0,5,5,0,0.88,0.88,0.0,0.0,1.0,1.0,1
tarea_9,notas_1.py,notas_1_tipo2.py,10,0,0,2,0,0,0,0,0,0,54,8,0,2,2,0,0,0,0,0,0,0,2,10,14,12,2,106,0,6,2,2,6,0,88,0,0.23333333333333334,7,23,41,67,69,0.43157894736842106,0.1971153846153846,0.20567375886524822,2,9,0.2571428571428571,0.5598086124401914,0.76,5,5,0,0.88,0.88,0.0,0.3999999999999986,1.0,0.0,2
tarea_9,notas_1.py,notas_1_tipo3.py,8,0,0,1,0,0,0,0,0,0,45,7,0,1,1,0,0,0,0,0,0,0,2,9,11,10,2,86,0,5,2,2,6,0,74,0,0.34782608695652173,8,15,32,67,50,0.3764705882352941,0.15384615384615385,0.17427385892116182,70,7,0.22580645161290322,0.5549132947976878,0.6190476190476191,5,4,1,0.88,0.8571428571428571,0.02285714285714291,7.100000000000001,0.782608695652174,0.2222222222222222,3
tarea_9,notas_1.py,notas_noplagio_1.py,10,0,0,2,0,0,0,0,0,0,47,9,0,2,2,0,0,0,0,0,0,0,2,9,14,10,2,93,1,3,2,2,6,0,68,0,0.36,9,16,41,67,61,0.47126436781609193,0.1971153846153846,0.21153846153846154,39,8,0.25806451612903225,0.6153846153846154,0.5116279069767442,5,4,1,0.88,0.6,0.28,0.6499999999999986,0.6933333333333334,0.4444444444444444,0
tarea_9,notas_1.py,notas_noplagio_2.py,10,0,1,2,0,0,0,0,0,0,45,8,0,2,2,0,0,0,0,0,0,0,2,9,12,9,3,90,0,3,2,2,6,0,71,0,0.4,10,15,41,67,59,0.4823529411764706,0.1971153846153846,0.17647058823529413,53,6,0.2,0.5674931129476584,0.358974358974359,5,4,1,0.88,0.75,0.13,2.8500000000000014,0.7142857142857143,0.4444444444444444,0
tarea_10,cesar_1.py,cesar_1.py,16,4,4,2,0,0,0,2,0,0,50,6,0,0,0,0,0,0,0,0,0,0,2,8,8,8,0,106,4,8,0,2,5,0,66,0,1.0,18,0,59,59,59,1.0,0.2935323383084577,1.0,0,18,1.0,1.0,1.0,4,4,0,0.868421052631579,0.868421052631579,0.0,0.0,1.0,1.0,1
tarea_10,cesar_1.py,cesar_1_tipo2.py,16,4,4,2,0,0,0,2,0,0,51,6,0,0,0,0,0,0,0,0,0,0,2,8,8,8,0,107,4,8,0,2,5,0,67,0,0.2857142857142857,8,20,42,59,60,0.5454545454545454,0.208955223880597,0.24521072796934865,4,11,0.4230769230769231,0.6009852216748769,0.7659574468085106,4,4,0,0.868421052631579,0.8717948717948718,0.003373819163292824,1.0,0.9866666666666667,0.0,2
tarea_10,cesar_1.py,cesar_1_tipo3.py,14,4,4,2,0,0,0,2,0,0,42,4,0,0,0,0,0,0,0,0,0,0,2,8,6,5,0,90,6,6,0,2,5,0,59,0,0.34615384615384615,9,17,37,59,55,0.4805194805194805,0.18407960199004975,0.270042194092827,48,6,0.25,0.615819209039548,0.43243243243243246,4,4,0,0.868421052631579,0.8387096774193549,0.02971137521222411,12.0,0.7878787878787878,0.0,3
tarea_10,cesar_1.py,cesar_noplagio_1.py,15,2,5,1,0,0,0,1,0,0,38,4,0,0,0,0,0,0,0,0,0,0,1,7,5,4,0,84,4,7,0,1,5,0,47,0,0.3076923076923077,8,18,23,59,41,0.2987012987012987,0.11442786069651742,0.10526315789473684,83,2,0.09090909090909091,0.26332288401253917,0.3225806451612903,4,3,1,0.868421052631579,0.7777777777777778,0.09064327485380119,10.916666666666664,0.6428571428571429,0.5714285714285714,0
tarea_10,cesar_1.py,cesar_noplagio_2.py,14,4,4,2,0,0,0,2,0,0,42,4,1,0,0,0,0,0,0,0,0,0,2,6,5,5,0,94,4,8,0,1,5,0,45,0,0.32142857142857145,9,19,32,59,58,0.3764705882352941,0.15920398009950248,0.11619718309859155,40,4,0.15384615384615385,0.3867403314917127,0.35294117647058826,4,2,2,0.868421052631579,0.6,0.268421052631579,30.25,0.7333333333333333,0.0,0
tarea_10,cesar_2.py,cesar_2.py,16,4,4,2,0,0,0,2,0,0,26,4,0,0,0,0,0,0,0,0,0,0,2,2,4,2,0,74,2,6,0,0,3,0,24,0,1.0,16,0,48,48,48,1.0,0.36923076923076925,1.0,0,11,1.0,1.0,1.0,1,1,0,0.6,0.6,0.0,0.0,1.0,1.0,1
tarea_10,cesar_2.py,cesar_2_tipo2.py,16,4,4,2,0,0,0,2,0,0,26,4,0,0,0,0,0,0,0,0,0,0,2,2,4,2,0,74,2,6,0,0,3,0,24,0,0.2692307692307692,7,19,34,48,49,0.5396825396825397,0.26153846153846155,0.22439024390243903,0,7,0.4666666666666667,0.7461538461538462,0.9,1,1,0,0.6,0.631578947368421,0.03157894736842104,0.0,1.0,0.0,2
tarea_10,cesar_2.py,cesar_2_tipo3.py,17,4,4,2,0,0,0,2,0,0,30,5,0,0,0,0,0,0,0,0,0,0,2,4,5,2,0,79,3,6,0,1,3,0,39,0,0.391304347826087,9,14,38,48,57,0.5671641791044776,0.2923076923076923,0.2785388127853881,40,8,0.42105263157894735,0.6333333333333333,0.5833333333333334,1,3,2,0.6,0.8709677419354839,0.2709677419354839,73.33333333333334,0.7555555555555555,0.0,3
tarea_10,cesar_2.py,cesar_noplagio_1.py,15,2,5,1,0,0,0,1,0,0,26,3,0,0,0,0,0,0,0,0,0,0,1,4,3,1,0,68,3,6,0,0,3,0,26,0,0.28,7,18,22,48,41,0.3283582089552239,0.16923076923076924,0.06278026905829596,12,1,0.0625,0.33064516129032256,0.5555555555555556,1,3,2,0.6,0.7777777777777778,0.1777777777777778,90.66666666666666,0.6486486486486487,0.0,0
tarea_10,cesar_2.py,cesar_noplagio_2.py,14,4,4,2,0,0,0,2,0,0,30,3,1,0,0,0,0,0,0,0,0,0,2,3,3,2,0,78,3,7,0,0,3,0,24,0,0.2962962962962963,8,19,32,48,58,0.43243243243243246,0.24615384615384617,0.11952191235059761,31,4,0.21052631578947367,0.4879725085910653,0.8571428571428571,1,2,1,0.6,0.6,0.0,49.5,0.8292682926829268,0.0,0
tarea_10,cesar_3.py,cesar_3.py,10,0,4,2,0,0,0,2,0,0,40,2,0,0,0,0,0,0,0,0,0,0,0,6,0,0,2,76,4,6,0,0,1,0,28,0,1.0,15,0,49,49,49,1.0,0.31210191082802546,1.0,0,9,1.0,1.0,1.0,3,3,0,0.7368421052631579,0.7368421052631579,0.0,0.0,1.0,1.0,1
tarea_10,cesar_3.py,cesar_3_tipo2.py,10,0,4,2,0,0,0,2,0,0,39,2,0,0,0,0,0,0,0,0,0,0,0,6,0,0,2,76,4,6,0,0,1,0,28,0,0.25,6,18,35,49,48,0.5645161290322581,0.2229299363057325,0.2336448598130841,4,5,0.38461538461538464,0.7548387096774194,0.6666666666666666,3,3,0,0.7368421052631579,0.7368421052631579,0.0,1.3333333333333357,0.9795918367346939,0.0,2
tarea_10,cesar_3.py,cesar_3_tipo3.py,13,2,4,2,0,0,0,2,0,0,44,3,0,0,0,0,0,0,0,1,0,0,1,8,3,2,2,89,6,8,0,1,3,0,45,0,0.375,9,15,39,49,64,0.527027027027027,0.2484076433121019,0.2548262548262548,66,5,0.2631578947368421,0.32105263157894737,0.41379310344827586,3,5,2,0.7368421052631579,0.8378378378378378,0.10099573257467998,7.733333333333334,0.7619047619047619,0.0,3
tarea_10,cesar_3.py,cesar_noplagio_1.py,12,0,5,1,0,0,0,1,0,0,33,2,0,0,0,0,0,0,0,0,0,0,0,6,1,0,1,69,4,6,0,0,2,0,28,0,0.19230769230769232,5,21,24,49,41,0.36363636363636365,0.15286624203821655,0.08849557522123894,39,3,0.25,0.36363636363636365,0.5,3,3,0,0.7368421052631579,0.7777777777777778,0.040935672514619936,13.0,0.8181818181818182,0.0,0
tarea_10,cesar_3.py,cesar_noplagio_2.py,11,2,4,2,0,0,0,2,0,0,37,2,1,0,0,0,0,0,0,0,0,0,1,5,1,1,1,79,4,7,0,0,3,0,26,0,0.3076923076923077,8,18,33,49,58,0.44594594594594594,0.21019108280254778,0.14624505928853754,4,5,0.3125,0.41509433962264153,0.6956521739130435,3,2,1,0.7368421052631579,0.6,0.13684210526315788,28.166666666666664,0.625,0.0,0
tarea_11,code11_2.py,code11_2.py,14,4,2,0,2,0,0,2,0,0,16,2,0,0,2,2,0,0,0,0,0,2,0,4,2,0,0,68,2,4,2,4,3,0,28,0,1.0,14,0,48,48,48,1.0,0.43243243243243246,1.0,0,6,1.0,1.0,1.0,2,2,0,0.7368421052631579,0.7368421052631579,0.0,0.0,1.0,1.0,1
tarea_11,code11_2.py,code11_2_tipo2.py,14,4,2,0,2,0,0,2,0,0,16,2,0,0,2,2,0,0,0,0,0,2,0,4,2,0,0,68,2,4,2,4,3,0,28,0,0.2727272727272727,6,16,38,48,48,0.6551724137931034,0.34234234234234234,0.15508021390374332,0,5,0.7142857142857143,0.7027027027027027,0.6,2,2,0,0.7368421052631579,0.7368421052631579,0.0,0.0,1.0,0.0,2
tarea_11,code11_2.py,code11_2_tipo3.py,14,4,2,0,2,0,0,2,0,0,21,3,0,0,3,2,0,0,0,0,0,2,1,6,4,0,0,74,4,4,2,5,3,0,45,0,0.4,8,12,38,48,57,0.5671641791044776,0.34234234234234234,0.21428571428571427,48,4,0.36363636363636365,0.562962962962963,0.26666666666666666,2,4,2,0.7368421052631579,0.8611111111111112,0.1242690058479533,15.75,0.5853658536585366,0.0,3
tarea_11,code11_2.py,code11_noplagio_1.py,11,2,3,0,1,0,1,2,0,0,17,2,0,0,1,2,0,1,0,0,0,2,0,3,4,0,0,66,4,5,2,2,3,0,23,0,0.25,5,15,33,48,43,0.5689655172413793,0.2972972972972973,0.09424083769633508,2,6,0.8571428571428571,0.35454545454545455,0.5454545454545454,2,1,1,0.7368421052631579,0.6923076923076923,0.04453441295546556,53.5,0.7333333333333333,0.0,0
tarea_11,code11_2.py,code11_noplagio_2.py,10,5,1,0,1,0,0,2,0,0,16,2,0,0,1,2,0,0,0,0,0,1,1,3,2,1,0,60,1,3,2,3,3,0,22,0,0.18181818181818182,4,18,29,48,44,0.4603174603174603,0.26126126126126126,0.08,24,5,0.7142857142857143,0.32323232323232326,0.5454545454545454,2,1,1,0.7368421052631579,0.4444444444444444,0.29239766081871343,31.5,0.5384615384615384,0.0,0
tarea_11,code11_3.py,code11_3.py,16,4,2,0,2,0,0,2,0,0,22,0,0,0,2,2,0,0,0,0,0,2,2,6,4,2,2,84,4,4,2,2,3,0,46,0,1.0,16,0,51,51,51,1.0,0.3695652173913043,1.0,0,6,1.0,1.0,1.0,3,3,0,0.8518518518518519,0.8518518518518519,0.0,0.0,1.0,1.0,1
tarea_11,code11_3.py,code11_3_tipo2.py,15,4,2,0,2,0,0,2,0,0,22,0,0,0,2,2,0,0,0,0,0,2,2,6,4,2,2,82,4,4,2,2,3,0,45,0,0.19230769230769232,5,21,38,51,50,0.6031746031746031,0.2753623188405797,0.11637931034482758,5,5,0.7142857142857143,0.6715867158671587,0.5,3,3,0,0.8518518518518519,0.8461538461538461,0.005698005698005715,1.6666666666666643,1.0,0.0,2
tarea_11,code11_3.py,code11_3_tipo3.py,14,4,2,0,2,0,0,2,0,0,25,2,0,0,3,2,0,0,0,0,0,2,3,7,6,2,2,87,4,5,2,3,3,0,56,0,0.3333333333333333,8,16,39,51,60,0.5416666666666666,0.2826086956521739,0.26521739130434785,33,4,0.4,0.6019417475728155,0.4,3,4,1,0.8518518518518519,0.868421052631579,0.016569200779727122,3.25,0.8333333333333334,0.0,3
tarea_11,code11_3.py,code11_noplagio_1.py,12,2,3,0,1,0,1,2,0,0,20,1,0,0,1,2,0,1,0,0,0,2,1,4,5,1,1,74,5,5,2,1,3,0,32,0,0.5,9,9,36,51,43,0.6206896551724138,0.2608695652173913,0.13106796116504854,29,5,0.625,0.44534412955465585,0.6666666666666666,3,1,2,0.8518518518518519,0.6923076923076923,0.15954415954415957,63.0,0.5555555555555556,0.5,0
tarea_11,code11_3.py,code11_noplagio_2.py,11,5,1,0,1,0,0,2,0,0,19,1,0,0,1,2,0,0,0,0,0,1,2,4,3,2,1,68,2,3,2,2,3,0,31,0,0.3333333333333333,7,14,33,51,44,0.532258064516129,0.2391304347826087,0.0979381443298969,51,5,0.7142857142857143,0.4177777777777778,0.5,3,1,2,0.8518518518518519,0.4444444444444444,0.40740740740740744,41.0,0.5,0.0,0
tarea_11,code11_1.py,code11_1.py,14,6,0,0,0,0,0,2,0,0,16,4,0,0,0,4,0,0,0,0,0,2,2,4,4,0,2,68,2,4,0,4,3,0,34,0,1.0,14,0,44,44,44,1.0,0.4074074074074074,1.0,0,7,1.0,1.0,1.0,2,2,0,0.7391304347826086,0.7391304347826086,0.0,0.0,1.0,1.0,1
tarea_11,code11_1.py,code11_1_tipo2.py,14,6,0,0,0,0,0,2,0,0,16,4,0,0,0,4,0,0,0,0,0,2,1,4,4,0,1,67,2,4,1,4,3,0,32,0,0.25,6,18,33,44,47,0.5689655172413793,0.3055555555555556,0.11290322580645161,0,6,0.75,0.6574074074074074,0.5,2,2,0,0.7391304347826086,0.7142857142857143,0.024844720496894346,0.0,0.967741935483871,0.0,2
tarea_11,code11_1.py,code11_1_tipo3.py,12,5,1,0,0,0,0,2,0,1,21,4,0,0,0,3,0,0,0,0,0,2,2,6,4,0,1,67,4,4,1,5,3,0,45,0,0.36363636363636365,8,14,32,44,60,0.4444444444444444,0.2962962962962963,0.18226600985221675,39,4,0.3076923076923077,0.49411764705882355,0.5,2,4,2,0.7391304347826086,0.8484848484848485,0.10935441370223986,17.25,0.7142857142857143,0.3333333333333333,3
tarea_11,code11_1.py,code11_noplagio_1.py,11,3,2,0,0,0,1,2,0,0,17,3,0,0,0,3,0,1,0,0,0,2,1,3,5,0,1,66,4,5,1,2,3,0,26,0,0.3157894736842105,6,13,29,44,43,0.5,0.26851851851851855,0.07446808510638298,1,5,0.5555555555555556,0.30414746543778803,0.3333333333333333,2,1,1,0.7391304347826086,0.6923076923076923,0.04682274247491636,55.0,0.5625,0.0,0
tarea_11,code11_1.py,code11_noplagio_2.py,10,6,0,0,0,0,0,2,0,0,16,3,0,0,0,3,0,0,0,0,0,1,2,3,3,1,1,60,1,3,1,3,3,0,25,0,0.23809523809523808,5,16,28,44,44,0.4666666666666667,0.25925925925925924,0.0963855421686747,21,5,0.625,0.37948717948717947,0.16666666666666666,2,1,1,0.7391304347826086,0.4444444444444444,0.2946859903381642,33.0,0.5714285714285714,0.0,0
tarea_12,code12_1.py,code12_1.py,10,0,4,0,0,0,0,0,0,0,28,2,0,2,0,0,0,0,0,0,2,0,2,6,4,0,0,74,4,6,2,2,3,0,32,0,1.0,21,0,53,53,53,1.0,0.3897058823529412,1.0,0,7,1.0,1.0,1.0,3,3,0,0.6666666666666666,0.6666666666666666,0.0,0.0,1.0,1.0,1
tarea_12,code12_1.py,code12_1_tipo2.py,10,0,4,0,0,0,0,0,0,0,29,2,0,2,0,0,0,0,0,0,1,0,2,6,3,0,0,73,4,6,2,2,3,0,34,0,0.34375,11,21,39,53,56,0.5571428571428572,0.2867647058823529,0.25,2,5,0.5,0.7518248175182481,0.6086956521739131,3,3,0,0.6666666666666666,0.6923076923076923,0.02564102564102566,0.6666666666666643,0.9130434782608695,0.0,2
tarea_12,code12_1.py,code12_1_tipo3.py,11,0,5,0,0,0,0,0,0,0,29,2,0,2,0,0,0,0,0,0,1,0,2,7,3,0,0,73,4,8,2,2,3,0,33,0,0.5,14,14,42,53,56,0.6268656716417911,0.3088235294117647,0.25462962962962965,17,5,0.5555555555555556,0.698961937716263,0.5714285714285714,3,4,1,0.6666666666666666,0.6296296296296297,0.03703703703703698,7.083333333333336,0.7659574468085106,0.2857142857142857,3
tarea_12,code12_1.py,code12_noplagio_1.py,11,0,4,0,0,0,0,0,0,0,29,4,0,1,0,0,0,0,0,1,1,1,2,6,6,3,0,75,3,4,2,2,5,0,43,1,0.2413793103448276,7,22,31,53,61,0.37349397590361444,0.22794117647058823,0.15418502202643172,14,4,0.2222222222222222,0.45454545454545453,0.2608695652173913,3,3,0,0.6666666666666666,0.7941176470588235,0.12745098039215685,4.666666666666664,0.625,0.3333333333333333,0
tarea_12,code12_1.py,code12_noplagio_2.py,10,0,5,0,0,0,0,0,0,0,26,1,0,1,0,0,0,0,0,0,2,0,2,5,3,0,0,66,2,4,1,2,3,0,30,0,0.4074074074074074,11,16,35,53,45,0.5555555555555556,0.25735294117647056,0.24861878453038674,33,3,0.3,0.6443514644351465,0.5,3,2,1,0.6666666666666666,0.7,0.033333333333333326,6.166666666666664,0.85,0.4,0
tarea_12,code12_3.py,code12_3.py,14,2,4,0,0,0,0,0,2,0,34,2,0,2,0,0,0,0,0,0,2,0,2,6,6,0,0,88,4,6,2,2,3,0,42,0,1.0,24,0,61,61,61,1.0,0.3696969696969697,1.0,0,10,1.0,1.0,1.0,3,3,0,0.7241379310344828,0.7241379310344828,0.0,0.0,1.0,1.0,1
tarea_12,code12_3.py,code12_3_tipo2.py,14,2,4,0,0,0,0,0,2,0,35,2,0,2,0,0,0,0,0,0,2,0,2,6,6,0,0,89,4,6,2,2,3,0,46,0,0.37142857142857144,13,22,45,61,64,0.5625,0.2727272727272727,0.23412698412698413,8,6,0.4,0.757396449704142,0.7096774193548387,3,3,0,0.7241379310344828,0.7575757575757576,0.03343782654127481,2.6666666666666643,0.9122807017543859,0.0,2
tarea_12,code12_3.py,code12_3_tipo3.py,14,1,5,1,0,0,0,0,1,0,39,1,0,2,0,0,0,0,0,0,2,0,2,8,4,0,2,96,5,7,2,2,3,0,45,0,0.35135135135135137,13,24,37,61,59,0.4457831325301205,0.22424242424242424,0.1618705035971223,38,3,0.23076923076923078,0.3423913043478261,0.35714285714285715,3,5,2,0.7241379310344828,0.7058823529411765,0.018255578093306246,14.399999999999999,0.8524590163934426,0.25,3
tarea_12,code12_3.py,code12_noplagio_1.py,13,1,4,0,0,0,0,0,1,0,32,4,0,1,0,0,0,0,0,1,1,1,2,6,7,3,0,82,3,4,2,2,5,0,48,1,0.18181818181818182,6,27,27,61,61,0.28421052631578947,0.16363636363636364,0.12109375,15,2,0.08695652173913043,0.4253968253968254,0.37037037037037035,3,3,0,0.7241379310344828,0.7941176470588235,0.06997971602434072,5.0,0.5660377358490566,0.3333333333333333,0
tarea_12,code12_3.py,code12_noplagio_2.py,12,1,5,0,0,0,0,0,1,0,29,1,0,1,0,0,0,0,0,0,2,0,2,5,4,0,0,73,2,4,1,2,3,0,35,0,0.36666666666666664,11,19,33,61,45,0.4520547945205479,0.2,0.1895734597156398,62,3,0.23076923076923078,0.5522388059701493,0.4166666666666667,3,2,1,0.7241379310344828,0.7,0.024137931034482807,3.5,0.7555555555555555,0.4,0
tarea_12,code12_2.py,code12_2.py,10,2,2,0,0,0,0,0,0,0,36,0,2,2,0,0,0,0,0,0,2,0,2,8,6,2,2,88,6,10,0,2,3,0,48,0,1.0,22,0,57,57,57,1.0,0.3392857142857143,1.0,0,7,1.0,1.0,1.0,4,4,0,0.75,0.75,0.0,0.0,1.0,1.0,1
tarea_12,code12_2.py,code12_2_tipo2.py,10,2,2,0,0,0,0,0,0,0,36,0,2,2,0,0,0,0,0,0,2,0,2,8,6,2,2,88,6,10,0,2,3,0,48,0,0.34375,11,21,42,57,56,0.5915492957746479,0.25,0.2603305785123967,0,3,0.2727272727272727,0.7857142857142857,0.7333333333333333,4,4,0,0.75,0.75,0.0,0.0,1.0,0.0,2
tarea_12,code12_2.py,code12_2_tipo3.py,10,1,5,0,0,0,0,0,0,0,33,0,1,2,0,0,0,0,0,0,1,0,1,7,3,1,1,81,5,8,1,2,3,0,38,0,0.3333333333333333,11,22,34,57,51,0.4594594594594595,0.20238095238095238,0.1350210970464135,39,3,0.2727272727272727,0.5252525252525253,0.5185185185185185,4,3,1,0.75,0.6666666666666666,0.08333333333333337,1.0,0.8235294117647058,0.2857142857142857,3
tarea_12,code12_2.py,code12_noplagio_1.py,11,1,3,0,0,0,0,0,0,0,33,3,1,1,0,0,0,0,0,1,1,1,2,7,7,4,1,82,4,6,1,2,5,0,51,1,0.23333333333333334,7,23,32,57,61,0.37209302325581395,0.19047619047619047,0.125,18,3,0.15789473684210525,0.3710691823899371,0.2962962962962963,4,3,1,0.75,0.7941176470588235,0.044117647058823484,8.0,0.5454545454545454,0.2857142857142857,0
tarea_12,code12_2.py,code12_noplagio_2.py,10,1,4,0,0,0,0,0,0,0,30,0,1,1,0,0,0,0,0,0,2,0,2,6,4,1,1,73,3,6,0,2,3,0,38,0,0.3448275862068966,10,19,32,57,45,0.45714285714285713,0.19047619047619047,0.1506849315068493,65,3,0.3,0.4870848708487085,0.4166666666666667,4,2,2,0.75,0.7,0.050000000000000044,9.5,0.723404255319149,0.3333333333333333,0
tarea_13,code13_1.py,code13_1.py,10,0,0,0,0,0,0,0,0,0,32,2,0,0,0,0,0,0,0,0,2,2,2,6,10,4,0,80,10,4,0,0,2,0,44,2,1.0,23,0,64,64,64,1.0,0.38095238095238093,1.0,0,12,1.0,1.0,1.0,3,3,0,0.6666666666666666,0.6666666666666666,0.0,0.0,1.0,1.0,1
tarea_13,code13_1.py,code13_1_tipo2.py,10,0,0,0,0,0,0,0,0,0,32,2,0,0,0,0,0,0,0,0,2,2,2,6,10,4,0,81,10,4,0,0,2,0,44,2,0.38235294117647056,13,21,49,64,65,0.6125,0.2916666666666667,0.30735930735930733,0,8,0.47058823529411764,0.8095238095238095,0.75,3,3,0,0.6666666666666666,0.6666666666666666,0.0,0.0,1.0,0.0,2
tarea_13,code13_1.py,code13_1_tipo3.py,9,0,0,0,0,0,0,0,0,0,34,1,0,0,0,0,0,0,0,0,1,1,2,8,8,4,0,73,11,7,1,0,3,0,50,1,0.36666666666666664,11,19,37,64,59,0.43023255813953487,0.22023809523809523,0.15867158671586715,26,2,0.1,0.5414364640883977,0.5454545454545454,3,5,2,0.6666666666666666,0.7368421052631579,0.07017543859649122,17.200000000000003,0.8253968253968254,0.25,3
tarea_13,code13_1.py,code13_noplagio_2.py,7,2,0,0,0,0,0,0,1,1,23,4,0,1,0,0,0,0,0,0,1,1,2,8,9,4,0,60,11,6,0,0,4,0,44,1,0.125,4,28,22,64,46,0.25,0.13095238095238096,0.055776892430278883,35,1,0.05,0.3388704318936877,0.36363636363636365,3,5,2,0.6666666666666666,0.7857142857142857,0.11904761904761907,29.4,0.631578947368421,0.0,0
tarea_13,code13_1.py,code13_noplagio_1.py,7,0,0,0,0,0,0,0,0,0,26,2,0,0,0,0,0,0,0,1,1,3,1,6,7,3,0,60,8,4,0,1,3,0,39,1,0.2,6,24,26,64,44,0.3170731707317073,0.15476190476190477,0.07555555555555556,68,1,0.05,0.40298507462686567,0.2857142857142857,3,3,0,0.6666666666666666,0.8095238095238095,0.1428571428571429,22.666666666666664,0.5306122448979592,0.3333333333333333,0
tarea_13,code13_2.py,code13_2.py,4,0,0,0,0,0,0,0,2,0,24,0,0,0,0,0,0,0,0,0,0,0,2,8,6,2,0,48,14,6,0,0,2,0,48,0,1.0,14,0,45,45,45,1.0,0.32142857142857145,1.0,0,8,1.0,1.0,1.0,4,4,0,0.75,0.75,0.0,0.0,1.0,1.0,1
tarea_13,code13_2.py,code13_2_tipo2.py,4,0,0,0,0,0,0,0,2,1,22,0,0,0,0,0,0,0,0,0,0,0,2,8,5,2,0,42,13,6,0,0,2,0,46,0,0.38095238095238093,8,13,36,45,47,0.6428571428571429,0.2571428571428571,0.3179190751445087,3,5,0.45454545454545453,0.7942238267148014,0.6363636363636364,4,4,0,0.75,0.7333333333333333,0.01666666666666672,0.75,0.9285714285714286,0.0,2
tarea_13,code13_2.py,code13_2_tipo3.py,7,0,0,0,0,0,0,0,1,0,30,0,0,0,0,0,0,0,0,1,0,0,1,9,5,1,0,63,15,7,1,0,2,0,54,0,0.20689655172413793,6,23,30,45,54,0.43478260869565216,0.21428571428571427,0.14473684210526316,31,3,0.2,0.5337620578778135,0.38461538461538464,4,5,1,0.75,0.7692307692307693,0.019230769230769273,0.7999999999999972,0.7419354838709677,0.2222222222222222,3
tarea_13,code13_2.py,code13_noplagio_2.py,4,2,0,0,0,0,0,0,2,1,19,3,0,1,0,0,0,0,0,0,0,0,2,9,7,3,0,44,13,7,0,0,4,0,46,0,0.17391304347826086,4,19,22,45,46,0.3188405797101449,0.15714285714285714,0.11274509803921569,7,3,0.21428571428571427,0.46886446886446886,0.47619047619047616,4,5,1,0.75,0.7857142857142857,0.0357142857142857,8.399999999999999,0.6785714285714286,0.2222222222222222,0
tarea_13,code13_2.py,code13_noplagio_1.py,4,0,0,0,0,0,0,0,1,0,22,1,0,0,0,0,0,0,0,1,0,2,1,7,5,2,0,44,10,5,0,1,3,0,41,0,0.17391304347826086,4,19,21,45,44,0.3088235294117647,0.15,0.09090909090909091,40,2,0.13333333333333333,0.38333333333333336,0.4,4,3,1,0.75,0.8095238095238095,0.059523809523809534,1.6666666666666643,0.7083333333333334,0.2857142857142857,0
tarea_13,code13_3.py,code13_3.py,4,0,0,0,0,0,0,0,0,0,24,2,0,0,0,0,0,0,0,0,0,0,2,6,6,2,0,46,12,4,2,2,3,0,46,0,1.0,13,0,47,47,47,1.0,0.34558823529411764,1.0,0,9,1.0,1.0,1.0,3,3,0,0.7931034482758621,0.7931034482758621,0.0,0.0,1.0,1.0,1
tarea_13,code13_3.py,code13_3_tipo2.py,5,0,0,0,0,0,0,0,0,0,24,2,0,0,0,0,0,0,0,0,0,0,2,6,6,2,0,48,12,4,2,2,3,0,47,0,0.35,7,13,38,47,48,0.6666666666666666,0.27941176470588236,0.3488372093023256,3,6,0.5,0.8145454545454546,0.5,3,3,0,0.7931034482758621,0.8,0.006896551724137945,1.0,1.0,0.0,2
tarea_13,code13_3.py,code13_3_tipo3.py,7,0,0,0,0,0,0,0,0,0,32,2,0,0,0,0,0,0,1,0,0,0,1,6,6,1,1,60,10,4,1,2,3,0,51,0,0.25925925925925924,7,20,37,47,65,0.49333333333333335,0.27205882352941174,0.23529411764705882,46,6,0.4,0.6163522012578616,0.18181818181818182,3,3,0,0.7931034482758621,0.7567567567567568,0.0363466915191053,15.333333333333329,0.6666666666666666,0.0,3
tarea_13,code13_3.py,code13_noplagio_2.py,4,2,0,0,0,0,0,0,1,1,19,4,0,1,0,0,0,0,0,0,0,0,2,8,7,3,0,43,12,6,1,1,4,0,45,0,0.13043478260869565,3,20,21,47,46,0.2916666666666667,0.15441176470588236,0.06976744186046512,3,3,0.2,0.23048327137546468,0.2222222222222222,3,5,2,0.7931034482758621,0.7857142857142857,0.007389162561576401,18.733333333333334,0.7169811320754716,0.0,0
tarea_13,code13_3.py,code13_noplagio_1.py,4,0,0,0,0,0,0,0,0,0,22,2,0,0,0,0,0,0,0,1,0,2,1,6,5,2,0,43,9,4,1,2,3,0,40,0,0.18181818181818182,4,18,25,47,44,0.3787878787878788,0.18382352941176472,0.10695187165775401,36,2,0.125,0.3728813559322034,0.35294117647058826,3,3,0,0.7931034482758621,0.8095238095238095,0.016420361247947435,12.0,0.6666666666666666,0.3333333333333333,0
tarea_14,code14_1.py,code14_1.py,10,0,0,0,4,0,0,0,0,4,34,2,2,0,0,0,0,0,0,0,0,0,6,6,6,0,2,84,6,6,2,0,3,0,56,0,1.0,19,0,57,57,57,1.0,0.22709163346613545,1.0,0,17,1.0,1.0,1.0,3,3,0,0.875,0.875,0.0,0.0,1.0,1.0,1
tarea_14,code14_1.py,code14_1_tipo2.py,10,0,0,0,4,0,0,0,0,4,35,2,2,0,0,0,0,0,0,0,0,0,6,6,6,0,2,85,6,6,2,0,3,0,61,0,0.32142857142857145,9,19,44,57,59,0.6111111111111112,0.1752988047808765,0.27796610169491526,6,13,0.5909090909090909,0.4763779527559055,0.5945945945945946,3,3,0,0.875,0.8918918918918919,0.016891891891891886,2.0,0.8307692307692308,0.0,2
tarea_14,code14_1.py,code14_1_tipo3.py,13,1,0,0,3,0,0,0,0,4,38,3,1,1,0,0,0,0,0,0,0,0,5,9,8,1,1,91,9,11,2,1,3,0,70,1,0.38461538461538464,10,16,42,57,70,0.49411764705882355,0.16733067729083664,0.17486338797814208,105,11,0.5,0.2471169686985173,0.4117647058823529,3,6,3,0.875,0.84,0.03500000000000003,24.333333333333336,0.6753246753246753,0.0,3
tarea_14,code14_1.py,code14_noplagio_2.py,14,1,2,1,3,0,0,0,1,3,45,3,2,1,0,0,0,0,0,0,1,0,3,7,8,0,3,119,6,6,4,1,3,0,66,0,0.24324324324324326,9,28,41,57,77,0.44086021505376344,0.16334661354581673,0.1096938775510204,51,10,0.4,0.14828209764918626,0.09302325581395349,3,4,1,0.875,0.8837209302325582,0.008720930232558155,8.166666666666671,0.72,0.0,0
tarea_14,code14_1.py,code14_noplagio_1.py,11,0,0,1,3,0,0,0,0,2,34,5,2,0,0,0,0,0,0,0,0,0,4,6,5,0,3,98,5,6,10,0,3,0,55,0,0.23333333333333334,7,23,34,57,58,0.41975308641975306,0.13545816733067728,0.05763688760806916,27,10,0.37037037037037035,0.15578947368421053,0.4,3,3,0,0.875,0.8709677419354839,0.0040322580645161255,9.0,0.7017543859649122,0.0,0
tarea_14,code14_3.py,code14_3.py,12,2,0,0,2,0,0,0,0,4,32,2,2,2,0,0,0,0,0,0,0,0,4,4,6,0,0,80,4,2,2,2,3,0,20,0,1.0,16,0,58,58,58,1.0,0.24066390041493776,1.0,0,16,1.0,1.0,1.0,2,2,0,0.30303030303030304,0.30303030303030304,0.0,0.0,1.0,1.0,1
tarea_14,code14_3.py,code14_3_tipo2.py,12,2,0,0,2,0,0,0,0,4,33,2,2,2,0,0,0,0,0,0,0,0,4,4,6,0,0,81,4,2,2,2,3,0,20,0,0.3333333333333333,8,16,46,58,61,0.6301369863013698,0.1908713692946058,0.28975265017667845,10,12,0.5454545454545454,0.5365853658536586,0.5806451612903226,2,2,0,0.30303030303030304,0.2777777777777778,0.02525252525252525,5.0,0.8363636363636363,0.0,2
tarea_14,code14_3.py,code14_3_tipo3.py,14,2,0,0,2,0,0,0,0,3,30,3,1,2,0,0,0,0,0,0,0,0,3,7,6,0,1,81,6,9,3,2,4,0,41,1,0.2,6,24,38,58,65,0.4470588235294118,0.15767634854771784,0.11271676300578035,66,9,0.47368421052631576,0.18613138686131386,0.35294117647058826,2,5,3,0.30303030303030304,0.775,0.471969696969697,59.1,0.746268656716418,0.0,3
tarea_14,code14_3.py,code14_noplagio_2.py,15,2,2,1,2,0,0,0,1,3,44,3,2,2,0,0,0,0,0,0,1,0,2,6,8,0,2,117,5,4,4,2,3,0,48,0,0.22857142857142856,8,27,42,58,77,0.45161290322580644,0.17427385892116182,0.089058524173028,61,9,0.36,0.1731123388581952,0.3,2,4,2,0.30303030303030304,0.8837209302325582,0.5806906272022552,45.0,0.6285714285714286,0.0,0
tarea_14,code14_3.py,code14_noplagio_1.py,12,1,0,1,2,0,0,0,0,2,33,5,2,1,0,0,0,0,0,0,0,0,3,5,5,0,2,96,4,4,10,1,3,0,37,0,0.21428571428571427,6,22,34,58,58,0.4146341463414634,0.14107883817427386,0.04046242774566474,17,11,0.44,0.12903225806451613,0.375,2,3,1,0.30303030303030304,0.8709677419354839,0.5679374389051808,45.83333333333333,0.6538461538461539,0.0,0
tarea_14,code14_2.py,code14_2.py,12,2,0,0,4,0,0,0,0,2,28,2,2,2,0,0,0,0,0,0,0,0,2,4,4,0,2,80,2,6,2,2,2,0,18,0,1.0,19,0,61,61,61,1.0,0.25738396624472576,1.0,0,16,1.0,1.0,1.0,2,2,0,0.2903225806451613,0.2903225806451613,0.0,0.0,1.0,1.0,1
tarea_14,code14_2.py,code14_2_tipo2.py,16,2,0,1,4,0,0,0,0,2,40,6,2,2,0,0,0,0,0,0,0,0,2,5,4,0,2,118,3,6,2,2,2,0,43,0,0.2222222222222222,8,28,46,61,69,0.5476190476190477,0.1940928270042194,0.165625,26,14,0.7,0.36,0.5217391304347826,2,3,1,0.2903225806451613,0.8947368421052632,0.6044142614601018,30.83333333333333,0.7272727272727273,0.0,2
tarea_14,code14_2.py,code14_2_tipo3.py,14,1,1,0,3,0,0,0,1,2,31,2,1,2,0,0,0,0,0,0,0,0,2,3,5,0,2,83,2,4,5,1,2,0,13,0,0.3548387096774194,11,20,43,61,71,0.48314606741573035,0.18143459915611815,0.1873015873015873,53,9,0.391304347826087,0.30740037950664134,0.5714285714285714,2,1,1,0.2903225806451613,0.125,0.1653225806451613,171.5,0.8787878787878788,0.0,3
tarea_14,code14_2.py,code14_noplagio_2.py,15,2,2,1,3,0,0,0,1,2,42,3,2,2,0,0,0,0,0,0,1,0,1,6,7,0,3,117,4,6,4,2,3,0,47,0,0.24324324324324326,9,28,44,61,77,0.46808510638297873,0.18565400843881857,0.11466666666666667,65,9,0.36,0.16697588126159554,0.3404255319148936,2,4,2,0.2903225806451613,0.8837209302325582,0.5933983495873969,43.0,0.6216216216216216,0.0,0
tarea_14,code14_2.py,code14_noplagio_1.py,12,1,0,1,3,0,0,0,0,1,31,5,2,1,0,0,0,0,0,0,0,0,2,5,4,0,3,96,3,6,10,1,3,0,36,0,0.27586206896551724,8,21,37,61,58,0.45121951219512196,0.15611814345991562,0.04790419161676647,13,11,0.44,0.19088937093275488,0.41025641025641024,2,3,1,0.2903225806451613,0.8709677419354839,0.5806451612903225,43.83333333333333,0.5714285714285714,0.0,0
tarea_15,code15_1.py,code15_1.py,12,6,2,0,0,0,0,0,2,0,26,0,0,0,0,2,0,0,0,4,0,0,2,4,6,4,4,76,2,4,0,2,4,0,60,2,1.0,14,0,56,56,56,1.0,0.38095238095238093,1.0,0,16,1.0,1.0,1.0,2,2,0,0.8571428571428571,0.8571428571428571,0.0,0.0,1.0,1.0,1
tarea_15,code15_1.py,code15_1_tipo2.py,12,5,2,0,0,0,0,0,2,0,26,0,0,0,0,2,0,0,0,4,0,0,2,4,5,3,4,75,2,4,0,2,4,0,57,2,0.25,6,18,43,56,58,0.6056338028169014,0.2925170068027211,0.17721518987341772,4,10,0.47619047619047616,0.7172413793103448,0.7777777777777778,2,2,0,0.8571428571428571,0.84375,0.013392857142857095,2.0,0.975609756097561,0.0,2
tarea_15,code15_1.py,code15_1_tipo3.py,9,4,1,0,0,0,0,0,1,0,28,0,0,0,0,2,0,0,0,4,2,1,1,6,6,2,3,74,4,5,0,2,4,0,61,1,0.21739130434782608,5,18,35,56,58,0.4430379746835443,0.23809523809523808,0.09420289855072464,43,8,0.3076923076923077,0.32047477744807124,0.5,2,4,2,0.8571428571428571,0.7948717948717948,0.06227106227106227,26.0,0.6808510638297872,0.0,3
tarea_15,code15_1.py,code15_noplagio_1.py,12,3,1,0,1,0,0,0,1,0,26,1,0,0,0,1,0,0,0,4,0,0,2,3,5,2,4,70,1,2,1,2,4,0,53,1,0.21739130434782608,5,18,23,56,47,0.2875,0.1564625850340136,0.08225108225108226,31,1,0.038461538461538464,0.41064638783269963,0.5555555555555556,2,1,1,0.8571428571428571,0.8518518518518519,0.005291005291005235,42.5,0.5641025641025641,0.0,0
tarea_15,code15_1.py,code15_noplagio_2.py,12,3,1,0,0,0,0,0,1,0,28,2,0,0,0,1,0,0,0,3,1,0,1,4,6,4,4,74,2,3,0,2,4,0,56,2,0.22727272727272727,5,17,28,56,54,0.34146341463414637,0.19047619047619047,0.07142857142857142,7,3,0.0967741935483871,0.43902439024390244,0.3,2,2,0,0.8571428571428571,0.8387096774193549,0.018433179723502224,3.5,0.6046511627906976,0.0,0
tarea_15,code15_2.py,code15_2.py,12,2,0,0,0,0,0,0,0,0,38,0,0,0,0,2,0,0,0,6,0,0,0,6,6,2,2,86,6,4,0,2,4,0,66,2,1.0,14,0,54,54,54,1.0,0.3312883435582822,1.0,0,15,1.0,1.0,1.0,3,3,0,0.8461538461538461,0.8461538461538461,0.0,0.0,1.0,1.0,1
tarea_15,code15_2.py,code15_2_tipo2.py,12,2,0,0,0,0,0,0,0,0,38,0,0,0,0,2,0,0,0,6,0,0,0,6,6,2,2,86,6,4,0,2,4,0,66,2,0.2,5,20,39,54,56,0.5492957746478874,0.2392638036809816,0.2066115702479339,0,9,0.42857142857142855,0.7668711656441718,0.7692307692307693,3,3,0,0.8461538461538461,0.8461538461538461,0.0,0.0,1.0,0.0,2
tarea_15,code15_2.py,code15_2_tipo3.py,12,2,0,0,0,0,0,0,0,0,39,0,0,0,0,1,0,0,0,6,1,0,0,8,6,2,2,92,7,7,0,3,4,0,68,1,0.30434782608695654,7,16,38,54,54,0.5428571428571428,0.2331288343558282,0.19215686274509805,31,9,0.47368421052631576,0.5042016806722689,0.5185185185185185,3,5,2,0.8461538461538461,0.813953488372093,0.03220035778175312,15.533333333333339,0.8253968253968254,0.0,3
tarea_15,code15_2.py,code15_noplagio_1.py,12,1,0,0,1,0,0,0,0,0,32,1,0,0,0,1,0,0,0,5,0,0,1,4,5,1,3,75,3,2,1,2,4,0,56,1,0.21739130434782608,5,18,27,54,47,0.36486486486486486,0.1656441717791411,0.1038961038961039,47,2,0.08333333333333333,0.40860215053763443,0.5454545454545454,3,1,2,0.8461538461538461,0.8518518518518519,0.005698005698005715,61.666666666666664,0.6808510638297872,0.0,0
tarea_15,code15_2.py,code15_noplagio_2.py,12,1,0,0,0,0,0,0,0,0,34,2,0,0,0,1,0,0,0,4,1,0,0,5,6,3,3,79,4,3,0,2,4,0,59,2,0.17391304347826086,4,19,26,54,54,0.3170731707317073,0.15950920245398773,0.07421875,23,3,0.1,0.3564356435643564,0.25,3,2,1,0.8461538461538461,0.8387096774193549,0.007444168734491274,15.666666666666664,0.8235294117647058,0.0,0
tarea_15,code15_3.py,code15_3.py,14,2,0,0,0,0,0,0,0,0,32,0,0,0,0,2,0,0,0,6,2,0,0,6,6,0,2,84,2,6,0,2,3,0,60,0,1.0,10,0,58,58,58,1.0,0.31016042780748665,1.0,0,15,1.0,1.0,1.0,3,3,0,0.7894736842105263,0.7894736842105263,0.0,0.0,1.0,1.0,1
tarea_15,code15_3.py,code15_3_tipo2.py,14,2,0,0,0,0,0,0,0,0,32,0,0,0,0,2,0,0,0,6,2,0,0,6,6,0,2,84,2,6,0,2,3,0,60,0,0.4,6,9,43,58,59,0.581081081081081,0.22994652406417113,0.2350597609561753,0,10,0.5,0.7914438502673797,0.9,3,3,0,0.7894736842105263,0.7894736842105263,0.0,0.0,1.0,0.3333333333333333,2
tarea_15,code15_3.py,code15_3_tipo3.py,15,2,0,0,0,0,0,0,0,0,30,0,0,0,0,1,1,0,0,5,3,1,0,7,7,0,3,86,3,6,0,2,3,0,67,0,0.2727272727272727,6,16,39,58,62,0.48148148148148145,0.20855614973262032,0.11619718309859155,12,9,0.4090909090909091,0.5027624309392266,0.6,3,4,1,0.7894736842105263,0.8409090909090909,0.05143540669856461,18.583333333333336,0.7755102040816326,0.2857142857142857,3
tarea_15,code15_3.py,code15_noplagio_1.py,13,1,0,0,1,0,0,0,0,0,29,1,0,0,0,1,0,0,0,5,1,0,1,4,5,0,3,74,1,3,1,2,4,0,53,0,0.2631578947368421,5,14,28,58,47,0.36363636363636365,0.1497326203208556,0.09053497942386832,71,2,0.08333333333333333,0.42244224422442245,0.631578947368421,3,1,2,0.7894736842105263,0.8518518518518519,0.06237816764132553,53.666666666666664,0.7619047619047619,0.0,0
tarea_15,code15_3.py,code15_noplagio_2.py,13,1,0,0,0,0,0,0,0,0,31,2,0,0,0,1,0,0,0,4,2,0,0,5,6,2,3,78,2,4,0,2,4,0,56,1,0.21052631578947367,4,15,28,58,54,0.3333333333333333,0.1497326203208556,0.05555555555555555,47,3,0.1,0.36085626911314983,0.2857142857142857,3,2,1,0.7894736842105263,0.8387096774193549,0.04923599320882854,7.666666666666664,0.8260869565217391,0.0,0
tarea_16,code16_3.py,code16_3.py,12,0,0,0,0,0,0,0,0,0,36,8,0,0,0,0,0,0,0,4,0,2,2,8,12,8,0,90,0,6,0,2,2,0,42,0,1.0,12,0,48,48,48,1.0,0.3137254901960784,1.0,0,17,1.0,1.0,1.0,4,4,0,0.5675675675675675,0.5675675675675675,0.0,0.0,1.0,1.0,1
tarea_16,code16_3.py,code16_3_tipo2.py,12,0,0,0,0,0,0,0,0,0,36,8,0,0,0,0,0,0,0,4,0,2,2,8,12,8,0,90,0,6,0,2,2,0,42,0,0.25,5,15,29,48,49,0.4264705882352941,0.1895424836601307,0.15789473684210525,0,7,0.25,0.7581699346405228,0.7777777777777778,4,4,0,0.5675675675675675,0.5675675675675675,0.0,0.0,1.0,0.0,2
tarea_16,code16_3.py,code16_3_tipo3.py,15,0,0,0,0,0,0,0,0,0,33,9,0,0,0,0,0,0,0,2,0,1,2,9,12,8,1,90,0,10,0,2,2,0,42,0,0.19047619047619047,4,17,29,48,53,0.4027777777777778,0.1895424836601307,0.12396694214876033,40,9,0.391304347826087,0.44508670520231214,0.27586206896551724,4,5,1,0.5675675675675675,0.5833333333333334,0.015765765765765827,0.3500000000000014,0.7931034482758621,0.2222222222222222,3
tarea_16,code16_3.py,code16_noplagio_1.py,10,0,0,0,0,0,0,0,0,0,36,9,0,0,0,0,0,0,0,2,0,2,3,9,11,7,1,85,1,6,0,2,6,0,49,0,0.3333333333333333,6,12,31,48,52,0.4492753623188406,0.20261437908496732,0.1552511415525114,8,9,0.3333333333333333,0.5605095541401274,0.7428571428571429,4,5,1,0.5675675675675675,0.8235294117647058,0.2559618441971383,6.049999999999997,0.7419354838709677,0.6666666666666666,0
tarea_16,code16_3.py,code16_noplagio_2.py,12,0,0,0,0,0,0,0,0,0,39,8,0,0,0,0,0,0,0,2,0,2,2,4,12,10,0,85,0,3,2,2,2,0,21,2,0.21052631578947367,4,15,22,48,53,0.27848101265822783,0.1437908496732026,0.05555555555555555,6,2,0.0625,0.07692307692307693,0.625,4,0,4,0.5675675675675675,0.0,0.5675675675675675,38.25,0.3389830508474576,0.0,0
tarea_16,code16_2.py,code16_2.py,12,0,0,0,0,0,0,0,0,0,36,8,0,0,0,0,0,0,0,0,0,2,0,8,10,8,0,80,0,6,2,2,2,0,36,0,1.0,14,0,52,52,52,1.0,0.3561643835616438,1.0,0,18,1.0,1.0,1.0,4,4,0,0.6,0.6,0.0,0.0,1.0,1.0,1
tarea_16,code16_2.py,code16_2_tipo2.py,12,0,0,0,0,0,0,0,0,0,36,8,0,0,0,0,0,0,0,0,0,2,1,8,10,8,0,80,0,6,2,2,3,0,37,0,0.08333333333333333,2,22,29,52,50,0.3972602739726027,0.19863013698630136,0.1004566210045662,1,8,0.2857142857142857,0.6872852233676976,0.75,4,4,0,0.6,0.5428571428571428,0.05714285714285716,0.25,0.8421052631578947,0.0,2
tarea_16,code16_2.py,code16_2_tipo3.py,12,0,0,0,0,0,0,0,0,0,33,9,0,0,0,0,0,0,0,0,0,1,1,8,10,8,1,80,0,3,2,2,6,1,60,0,0.16666666666666666,4,20,29,52,51,0.3918918918918919,0.19863013698630136,0.08085106382978724,7,8,0.2962962962962963,0.22073578595317725,0.5333333333333333,4,4,0,0.6,1.4,0.7999999999999999,1.75,0.8518518518518519,0.0,3
tarea_16,code16_2.py,code16_noplagio_1.py,10,0,0,0,0,0,0,0,0,0,36,9,0,0,0,0,0,0,0,0,0,2,2,9,10,7,1,80,1,6,1,2,6,0,46,0,0.23809523809523808,5,16,30,52,52,0.40540540540540543,0.2054794520547945,0.1072961373390558,15,7,0.23333333333333334,0.5732899022801303,0.6666666666666666,4,5,1,0.6,0.8235294117647058,0.22352941176470587,4.299999999999997,0.7333333333333333,0.4444444444444444,0
tarea_16,code16_2.py,code16_noplagio_2.py,12,0,0,0,0,0,0,0,0,0,39,8,0,0,0,0,0,0,0,0,0,2,1,4,11,10,0,80,0,3,3,2,2,0,18,2,0.19047619047619047,4,17,25,52,53,0.3125,0.17123287671232876,0.05439330543933055,13,3,0.09375,0.07868852459016394,0.6,4,0,4,0.6,0.0,0.6,36.5,0.3508771929824561,0.0,0
tarea_16,code16_1.py,code16_1.py,12,0,0,0,0,0,0,0,0,0,30,8,0,0,0,0,0,0,0,2,0,2,2,6,12,12,0,74,0,0,2,2,3,0,34,0,1.0,9,0,47,47,47,1.0,0.34306569343065696,1.0,0,15,1.0,1.0,1.0,3,3,0,0.4857142857142857,0.4857142857142857,0.0,0.0,1.0,1.0,1
tarea_16,code16_1.py,code16_1_tipo2.py,12,0,0,0,0,0,0,0,0,0,31,8,0,0,0,0,0,0,0,2,0,2,2,7,12,12,0,75,0,0,2,2,6,0,48,0,0.15789473684210525,3,16,31,47,51,0.4626865671641791,0.22627737226277372,0.15816326530612246,8,7,0.30434782608695654,0.7446808510638298,0.6206896551724138,3,4,1,0.4857142857142857,0.8157894736842105,0.3300751879699248,9.416666666666664,0.8148148148148148,0.0,2
tarea_16,code16_1.py,code16_1_tipo3.py,11,0,0,0,0,0,0,0,0,0,29,6,0,0,0,0,0,0,0,2,0,2,2,4,11,10,0,75,0,1,3,2,6,0,39,1,0.1875,3,13,27,47,49,0.391304347826087,0.19708029197080293,0.08333333333333333,2,5,0.2,0.38235294117647056,0.5833333333333334,3,1,2,0.4857142857142857,0.7096774193548387,0.22396313364055304,89.33333333333334,0.625,0.0,3
tarea_16,code16_1.py,code16_noplagio_1.py,10,0,0,0,0,0,0,0,0,0,33,9,0,0,0,0,0,0,0,1,0,2,3,8,11,9,1,77,1,3,1,2,6,0,45,0,0.16666666666666666,3,15,32,47,52,0.47761194029850745,0.23357664233576642,0.11467889908256881,24,11,0.4782608695652174,0.5033557046979866,0.3870967741935484,3,5,2,0.4857142857142857,0.8235294117647058,0.33781512605042013,13.466666666666661,0.7586206896551724,0.0,0
tarea_16,code16_1.py,code16_noplagio_2.py,12,0,0,0,0,0,0,0,0,0,36,8,0,0,0,0,0,0,0,1,0,2,2,3,12,12,0,77,0,0,3,2,3,0,17,2,0.25,4,12,25,47,53,0.3333333333333333,0.18248175182481752,0.07727272727272727,22,2,0.06666666666666667,0.36486486486486486,0.35714285714285715,3,0,3,0.4857142857142857,0.0,0.4857142857142857,45.666666666666664,0.5818181818181818,0.0,0
tarea_17,code17_2.py,code17_2.py,6,0,0,0,0,0,0,0,0,0,26,2,0,0,0,0,0,0,0,0,0,0,0,4,2,0,0,52,0,2,0,0,1,0,32,0,1.0,13,0,51,51,51,1.0,0.4322033898305085,1.0,0,9,1.0,1.0,1.0,2,2,0,0.6956521739130435,0.6956521739130435,0.0,0.0,1.0,1.0,1
tarea_17,code17_2.py,code17_2_tipo2.py,6,0,0,0,0,0,0,0,0,0,26,2,0,0,0,0,0,0,0,0,0,0,0,4,2,0,0,52,0,2,0,0,1,0,32,0,0.5,9,9,41,51,53,0.6507936507936508,0.3474576271186441,0.4370860927152318,1,3,0.1875,0.8607594936708861,0.6666666666666666,2,2,0,0.6956521739130435,0.6956521739130435,0.0,0.5,1.0,0.0,2
tarea_17,code17_2.py,code17_2_tipo3.py,7,0,0,0,0,0,0,0,0,0,30,2,0,0,0,0,0,0,0,0,0,0,1,7,2,0,1,63,3,9,1,0,2,0,41,0,0.2413793103448276,7,22,39,51,68,0.4875,0.3305084745762712,0.1346938775510204,70,3,0.17647058823529413,0.48366013071895425,0.3076923076923077,2,5,3,0.6956521739130435,0.7142857142857143,0.018633540372670843,21.4,0.7441860465116279,0.0,3
tarea_17,code17_2.py,descomposicion_noplagio_2.py,7,0,0,0,0,0,0,0,0,0,27,2,0,0,0,0,0,0,0,0,0,0,0,6,2,0,0,54,4,3,0,0,2,1,43,0,0.5263157894736842,10,9,41,51,56,0.6212121212121212,0.3474576271186441,0.2983425414364641,20,2,0.125,0.6015625,0.6153846153846154,2,4,2,0.6956521739130435,0.9,0.20434782608695656,24.5,0.8205128205128205,0.3333333333333333,0
tarea_17,code17_2.py,descomposicion_noplagio_3.py,8,0,0,0,0,0,0,0,0,0,27,1,0,0,0,0,0,0,0,0,0,0,1,2,1,0,1,51,0,1,0,0,1,0,16,0,0.4117647058823529,7,10,36,51,48,0.5714285714285714,0.3050847457627119,0.2545454545454545,8,3,0.2,0.4824561403508772,0.5454545454545454,2,0,2,0.6956521739130435,0.0,0.6956521739130435,59.0,0.8387096774193549,0.0,0
tarea_17,code17_3.py,code17_3.py,8,0,0,0,0,0,0,0,0,0,24,2,0,0,0,0,0,0,0,0,0,2,2,4,2,0,2,58,4,4,0,0,2,0,40,0,1.0,14,0,58,58,58,1.0,0.42028985507246375,1.0,0,11,1.0,1.0,1.0,2,2,0,0.7142857142857143,0.7142857142857143,0.0,0.0,1.0,1.0,1
tarea_17,code17_3.py,code17_3_tipo2.py,8,0,0,0,0,0,0,0,0,0,23,2,0,0,0,0,0,0,0,0,0,2,1,4,2,0,1,57,4,4,0,0,2,0,37,0,0.2608695652173913,6,17,46,58,59,0.647887323943662,0.3333333333333333,0.32105263157894737,6,8,0.5333333333333333,0.7333333333333333,0.5,2,2,0,0.7142857142857143,0.68,0.03428571428571425,3.0,0.9411764705882353,0.0,2
tarea_17,code17_3.py,code17_3_tipo3.py,9,0,0,0,0,0,0,0,0,0,29,2,0,0,0,0,0,0,0,0,0,3,2,6,2,0,2,67,4,5,0,0,2,0,46,0,0.2692307692307692,7,19,46,58,68,0.575,0.3333333333333333,0.21487603305785125,46,6,0.35294117647058826,0.5590062111801242,0.36363636363636365,2,4,2,0.7142857142857143,0.7222222222222222,0.007936507936507908,23.0,0.7906976744186046,0.0,3
tarea_17,code17_3.py,descomposicion_noplagio_2.py,8,0,0,0,0,0,0,0,0,0,26,2,0,0,0,0,0,0,0,0,0,1,1,6,2,0,1,57,6,4,0,0,2,1,47,0,0.30434782608695654,7,16,40,58,56,0.5405405405405406,0.2898550724637681,0.2814070351758794,0,3,0.17647058823529413,0.6521739130434783,0.36363636363636365,2,4,2,0.7142857142857143,0.9,0.18571428571428572,34.5,0.8292682926829268,0.0,0
tarea_17,code17_3.py,descomposicion_noplagio_3.py,9,0,0,0,0,0,0,0,0,0,26,1,0,0,0,0,0,0,0,0,0,1,2,2,1,0,2,54,2,2,0,0,2,0,20,0,0.3157894736842105,6,13,36,58,48,0.5142857142857142,0.2608695652173913,0.23369565217391305,28,3,0.17647058823529413,0.5483870967741935,0.4444444444444444,2,0,2,0.7142857142857143,0.0,0.7142857142857143,69.0,0.7878787878787878,0.0,0
tarea_17,code17_1.py,code17_1.py,8,0,0,0,0,0,0,0,0,0,28,2,0,0,0,0,0,0,0,0,0,0,0,2,2,0,0,56,0,0,0,0,1,0,36,0,1.0,14,0,57,57,57,1.0,0.44881889763779526,1.0,0,11,1.0,1.0,1.0,1,1,0,0.75,0.75,0.0,0.0,1.0,1.0,1
tarea_17,code17_1.py,code17_1_tipo2.py,8,0,0,0,0,0,0,0,0,0,28,2,0,0,0,0,0,0,0,0,0,0,0,2,2,0,0,56,0,0,0,0,1,0,36,0,0.4,8,12,46,57,57,0.6764705882352942,0.36220472440944884,0.41317365269461076,0,7,0.4666666666666667,0.8582677165354331,0.6666666666666666,1,1,0,0.75,0.75,0.0,0.0,1.0,0.0,2
tarea_17,code17_1.py,code17_1_tipo3.py,11,0,0,0,0,0,0,0,0,0,30,2,0,0,0,0,0,0,0,0,0,0,1,6,2,0,1,58,0,4,0,0,2,0,44,0,0.3,6,14,40,57,61,0.5128205128205128,0.31496062992125984,0.19383259911894274,53,4,0.2222222222222222,0.46254071661237783,0.5454545454545454,1,5,4,0.75,0.7027027027027027,0.04729729729729726,91.0,0.8205128205128205,0.0,3
tarea_17,code17_1.py,descomposicion_noplagio_2.py,8,0,0,0,0,0,0,0,0,0,28,2,0,0,0,0,0,0,0,0,0,0,0,5,2,0,0,56,4,2,0,0,2,1,45,0,0.42857142857142855,9,12,42,57,56,0.5915492957746479,0.33070866141732286,0.26153846153846155,11,4,0.25,0.6037735849056604,0.6153846153846154,1,4,3,0.75,0.9,0.15000000000000002,92.5,0.8205128205128205,0.4,0
tarea_17,code17_1.py,descomposicion_noplagio_3.py,9,0,0,0,0,0,0,0,0,0,28,1,0,0,0,0,0,0,0,0,0,0,1,1,1,0,1,53,0,0,0,0,1,0,18,0,0.3157894736842105,6,13,35,57,48,0.5,0.2755905511811024,0.2111111111111111,17,3,0.17647058823529413,0.5316455696202531,0.5454545454545454,1,0,1,0.75,0.0,0.75,127.0,0.9032258064516129,0.0,0
tarea_18,code18_1.py,code18_1.py,16,2,4,2,0,0,0,0,0,0,26,0,0,0,0,0,0,0,0,2,0,0,4,2,2,0,2,92,0,6,4,0,3,0,36,0,1.0,23,0,55,55,55,1.0,0.39855072463768115,1.0,0,14,1.0,1.0,1.0,1,1,0,0.8181818181818182,0.8181818181818182,0.0,0.0,1.0,1.0,1
tarea_18,code18_1.py,code18_1_tipo2.py,16,2,4,2,0,0,0,0,0,0,26,0,0,0,0,0,0,0,0,2,0,0,4,2,2,0,2,92,0,6,4,0,3,0,36,0,0.42424242424242425,14,19,43,55,56,0.6323529411764706,0.3115942028985507,0.24413145539906103,0,8,0.42105263157894735,0.7391304347826086,0.9,1,1,0,0.8181818181818182,0.8181818181818182,0.0,0.0,1.0,0.0,2
tarea_18,code18_1.py,code18_1_tipo3.py,14,1,5,2,0,0,0,0,0,0,27,0,0,0,0,0,0,0,0,2,0,0,3,2,1,0,2,88,0,6,4,0,3,0,31,0,0.30303030303030304,10,23,34,55,51,0.4722222222222222,0.2463768115942029,0.10256410256410256,5,6,0.3,0.5313653136531366,0.3157894736842105,1,1,0,0.8181818181818182,0.7647058823529411,0.05347593582887711,5.0,0.7272727272727273,0.0,3
tarea_18,code18_1.py,code18_noplagio_2.py,15,2,3,1,0,0,0,0,0,0,29,0,0,0,0,0,0,0,0,2,0,0,4,2,2,0,2,88,0,6,3,0,3,0,35,0,0.34375,11,21,38,55,53,0.5428571428571428,0.2753623188405797,0.22325581395348837,2,7,0.35,0.6115107913669064,0.5555555555555556,1,1,0,0.8181818181818182,0.8095238095238095,0.008658008658008698,2.0,0.918918918918919,0.0,0
tarea_18,code18_1.py,code18_noplagio_3.py,16,2,5,2,0,0,0,0,0,0,29,0,0,0,0,0,0,0,0,2,0,0,4,2,2,0,2,93,0,6,3,0,3,0,36,0,0.3939393939393939,13,20,41,55,56,0.5857142857142857,0.2971014492753623,0.20535714285714285,10,6,0.2857142857142857,0.6503496503496503,0.7619047619047619,1,1,0,0.8181818181818182,0.8181818181818182,0.0,10.0,0.918918918918919,0.0,0
tarea_18,code18_3.py,code18_3.py,18,2,4,2,0,0,0,0,0,0,34,2,0,0,0,0,0,0,0,0,0,0,6,4,2,0,2,106,2,10,4,0,3,0,42,0,1.0,27,0,63,63,63,1.0,0.36416184971098264,1.0,0,12,1.0,1.0,1.0,2,2,0,0.8076923076923077,0.8076923076923077,0.0,0.0,1.0,1.0,1
tarea_18,code18_3.py,code18_3_tipo2.py,18,2,4,2,0,0,0,0,0,0,34,2,0,0,0,0,0,0,0,0,0,0,6,4,2,0,2,106,2,10,4,0,3,0,42,0,0.4,16,24,49,63,65,0.620253164556962,0.2832369942196532,0.25190839694656486,0,10,0.7142857142857143,0.7456647398843931,0.8181818181818182,2,2,0,0.8076923076923077,0.8076923076923077,0.0,0.0,1.0,0.0,2
tarea_18,code18_3.py,code18_3_tipo3.py,17,2,5,2,0,0,0,0,0,0,34,2,0,0,0,0,0,0,0,0,0,0,5,3,2,0,1,100,1,8,2,0,4,0,38,0,0.32432432432432434,12,25,42,63,60,0.5185185185185185,0.24277456647398843,0.23577235772357724,20,8,0.47058823529411764,0.50920245398773,0.6086956521739131,2,1,1,0.8076923076923077,0.8095238095238095,0.001831501831501825,66.5,0.8,0.0,3
tarea_18,code18_3.py,code18_noplagio_2.py,16,2,3,1,0,0,0,0,0,0,33,1,0,0,0,0,0,0,0,1,0,0,5,3,2,0,2,95,1,8,3,0,3,0,38,0,0.2702702702702703,10,27,37,63,53,0.46835443037974683,0.2138728323699422,0.14396887159533073,33,5,0.25,0.33865814696485624,0.3157894736842105,2,1,1,0.8076923076923077,0.8095238095238095,0.001831501831501825,53.5,0.8636363636363636,0.0,0
tarea_18,code18_3.py,code18_noplagio_3.py,17,2,5,2,0,0,0,0,0,0,33,1,0,0,0,0,0,0,0,1,0,0,5,3,2,0,2,100,1,8,3,0,3,0,39,0,0.3888888888888889,14,22,43,63,56,0.5657894736842105,0.24855491329479767,0.11481481481481481,25,6,0.3157894736842105,0.38006230529595014,0.5454545454545454,2,1,1,0.8076923076923077,0.8181818181818182,0.010489510489510523,61.5,0.8636363636363636,0.0,0
tarea_18,code18_2.py,code18_2.py,10,2,0,0,0,0,0,0,0,0,22,0,0,0,0,0,0,0,0,2,0,0,4,2,2,0,2,64,0,4,6,0,3,0,30,0,1.0,15,0,44,44,44,1.0,0.4036697247706422,1.0,0,11,1.0,1.0,1.0,1,1,0,0.7894736842105263,0.7894736842105263,0.0,0.0,1.0,1.0,1
tarea_18,code18_2.py,code18_2_tipo2.py,10,2,0,0,0,0,0,0,0,0,22,0,0,0,0,0,0,0,0,2,0,0,4,2,2,0,2,64,0,4,6,0,3,0,30,0,0.23076923076923078,6,20,32,44,46,0.5517241379310345,0.29357798165137616,0.18497109826589594,0,7,0.4666666666666667,0.7339449541284404,0.8333333333333334,1,1,0,0.7894736842105263,0.7894736842105263,0.0,0.0,1.0,0.0,2
tarea_18,code18_2.py,code18_2_tipo3.py,9,1,1,0,0,0,0,0,0,0,23,0,0,0,0,0,0,0,0,2,0,0,3,2,1,0,1,61,1,4,6,0,3,0,27,0,0.24,6,19,26,44,43,0.4262295081967213,0.23853211009174313,0.15476190476190477,11,6,0.4,0.5603864734299517,0.42857142857142855,1,1,0,0.7894736842105263,0.75,0.03947368421052633,11.0,0.8666666666666667,0.0,3
tarea_18,code18_2.py,code18_noplagio_2.py,12,2,1,0,0,0,0,0,0,0,27,0,0,0,0,0,0,0,0,2,0,0,4,2,2,0,2,74,0,5,4,0,3,0,32,0,0.20689655172413793,6,23,32,44,53,0.49230769230769234,0.29357798165137616,0.1708542713567839,31,8,0.5,0.5783132530120482,0.42857142857142855,1,1,0,0.7894736842105263,0.8095238095238095,0.020050125313283207,31.0,0.8571428571428571,0.0,0
tarea_18,code18_2.py,code18_noplagio_3.py,13,2,3,1,0,0,0,0,0,0,27,0,0,0,0,0,0,0,0,2,0,0,4,2,2,0,2,79,0,5,4,0,3,0,33,0,0.22580645161290322,7,24,32,44,56,0.47058823529411764,0.29357798165137616,0.11627906976744186,39,7,0.4117647058823529,0.5136186770428015,0.35294117647058826,1,1,0,0.7894736842105263,0.8181818181818182,0.028708133971291905,39.0,0.8571428571428571,0.0,0
tarea_19,code19_1.py,code19_1.py,14,0,0,0,0,0,0,0,0,0,36,2,0,0,0,0,0,0,0,0,0,0,2,6,2,0,0,78,4,8,2,0,2,0,36,0,1.0,19,0,63,63,63,1.0,0.3727810650887574,1.0,0,9,1.0,1.0,1.0,3,3,0,0.6,0.6,0.0,0.0,1.0,1.0,1
tarea_19,code19_1.py,code19_1_tipo2.py,14,0,0,0,0,0,0,0,0,0,36,2,0,0,0,0,0,0,0,0,0,0,2,6,2,0,0,78,4,8,2,0,2,0,36,0,0.25,8,24,50,63,67,0.625,0.2958579881656805,0.2962962962962963,4,7,0.5833333333333334,0.7894736842105263,0.5,3,3,0,0.6,0.6,0.0,1.3333333333333286,1.0,0.0,2
tarea_19,code19_1.py,code19_1_tipo3.py,17,1,0,0,0,0,0,0,0,0,34,1,0,0,0,0,0,0,0,0,1,1,3,6,2,1,0,91,3,8,2,0,3,0,44,0,0.16666666666666666,6,30,34,63,70,0.3434343434343434,0.20118343195266272,0.11038961038961038,42,2,0.14285714285714285,0.08421052631578947,0.18181818181818182,3,3,0,0.6,0.7878787878787878,0.18787878787878787,13.999999999999993,0.75,0.0,3
tarea_19,code19_1.py,code19_noplagio_2.py,12,0,0,0,0,0,0,0,0,0,34,1,0,0,0,0,0,0,0,0,0,0,1,5,1,0,0,70,3,6,1,0,2,0,32,0,0.20689655172413793,6,23,37,63,58,0.44047619047619047,0.21893491124260356,0.13257575757575757,8,5,0.4166666666666667,0.43636363636363634,0.2222222222222222,3,2,1,0.6,0.6363636363636364,0.036363636363636376,24.166666666666664,0.8636363636363636,0.0,0
tarea_19,code19_1.py,code19_noplagio_1.py,15,0,1,0,0,0,0,0,0,0,35,1,0,0,0,0,0,0,0,0,0,1,2,5,1,0,0,79,3,7,3,0,2,0,35,0,0.21875,7,25,35,63,68,0.3645833333333333,0.20710059171597633,0.13167259786476868,7,4,0.2857142857142857,0.3884057971014493,0.36363636363636365,3,2,1,0.6,0.68,0.08000000000000007,31.666666666666664,0.9130434782608695,0.0,0
tarea_19,code19_2.py,code19_2.py,16,0,2,0,0,0,0,0,0,0,38,0,0,0,0,0,0,0,0,0,0,2,2,8,0,0,0,84,6,8,2,0,2,0,38,0,1.0,21,0,69,69,69,1.0,0.35384615384615387,1.0,0,8,1.0,1.0,1.0,4,4,0,0.6333333333333333,0.6333333333333333,0.0,0.0,1.0,1.0,1
tarea_19,code19_2.py,code19_2_tipo2.py,16,0,2,0,0,0,0,0,0,0,38,0,0,0,0,0,0,0,0,0,0,2,2,8,0,0,0,84,6,8,2,0,2,0,38,0,0.375,12,20,59,69,73,0.7108433734939759,0.30256410256410254,0.41923076923076924,4,7,0.7,0.8426395939086294,0.42857142857142855,4,4,0,0.6333333333333333,0.6333333333333333,0.0,1.0,1.0,0.0,2
tarea_19,code19_2.py,code19_2_tipo3.py,14,1,1,0,0,0,0,0,0,0,36,0,0,0,0,0,0,0,0,0,0,1,3,8,0,0,0,86,5,7,3,0,2,0,41,0,0.25,9,27,47,69,67,0.5280898876404494,0.24102564102564103,0.2026578073089701,3,5,0.5555555555555556,0.5788113695090439,0.42857142857142855,4,4,0,0.6333333333333333,0.7096774193548387,0.07634408602150544,0.75,0.8461538461538461,0.25,3
tarea_19,code19_2.py,code19_noplagio_2.py,13,0,1,0,0,0,0,0,0,0,35,0,0,0,0,0,0,0,0,0,0,1,1,6,0,0,0,73,4,6,1,0,2,0,33,0,0.27586206896551724,8,21,40,69,58,0.45977011494252873,0.20512820512820512,0.17689530685920576,34,6,0.6,0.5393258426966292,0.4,4,2,2,0.6333333333333333,0.6363636363636364,0.00303030303030305,31.75,0.782608695652174,0.3333333333333333,0
tarea_19,code19_2.py,code19_noplagio_1.py,16,0,2,0,0,0,0,0,0,0,36,0,0,0,0,0,0,0,0,0,0,2,2,6,0,0,0,82,4,7,3,0,2,0,36,0,0.3225806451612903,10,21,50,69,68,0.5747126436781609,0.2564102564102564,0.31679389312977096,19,5,0.4166666666666667,0.6361185983827493,0.5,4,2,2,0.6333333333333333,0.68,0.046666666666666745,39.25,0.7916666666666666,0.0,0
tarea_19,code19_3.py,code19_3.py,16,2,0,0,0,0,0,0,0,0,36,0,0,0,0,0,0,0,0,0,0,0,4,8,0,0,0,90,6,8,2,0,2,0,42,0,1.0,24,0,70,70,70,1.0,0.358974358974359,1.0,0,7,1.0,1.0,1.0,4,4,0,0.6363636363636364,0.6363636363636364,0.0,0.0,1.0,1.0,1
tarea_19,code19_3.py,code19_3_tipo2.py,16,2,0,0,0,0,0,0,0,0,36,0,0,0,0,0,0,0,0,0,0,0,4,8,0,0,0,91,6,9,2,0,2,0,42,0,0.3,12,28,56,70,74,0.6363636363636364,0.28717948717948716,0.34782608695652173,4,5,0.5555555555555556,0.7918781725888325,0.5,4,4,0,0.6363636363636364,0.6363636363636364,0.0,1.0,1.0,0.0,2
tarea_19,code19_3.py,code19_3_tipo3.py,20,1,1,0,0,0,0,0,0,0,38,0,0,0,0,0,0,0,0,0,0,1,5,7,0,0,2,96,5,7,1,0,2,0,47,0,0.3333333333333333,12,24,51,70,74,0.5483870967741935,0.26153846153846155,0.2611464968152866,33,5,0.5,0.557919621749409,0.15384615384615385,4,3,1,0.6363636363636364,0.7428571428571429,0.10649350649350653,27.25,0.7272727272727273,0.0,3
tarea_19,code19_3.py,code19_noplagio_2.py,13,1,0,0,0,0,0,0,0,0,34,0,0,0,0,0,0,0,0,0,0,0,2,6,0,0,0,76,4,6,1,0,2,0,35,0,0.21212121212121213,7,26,36,70,58,0.391304347826087,0.18461538461538463,0.13541666666666666,34,4,0.36363636363636365,0.46629213483146065,0.18181818181818182,4,2,2,0.6363636363636364,0.6363636363636364,0.0,31.75,0.7391304347826086,0.0,0
tarea_19,code19_3.py,code19_noplagio_1.py,16,1,1,0,0,0,0,0,0,0,35,0,0,0,0,0,0,0,0,0,0,1,3,6,0,0,0,85,4,7,3,0,2,0,38,0,0.3333333333333333,11,22,45,70,68,0.4838709677419355,0.23076923076923078,0.2013888888888889,19,3,0.23076923076923078,0.5660377358490566,0.46153846153846156,4,2,2,0.6363636363636364,0.68,0.043636363636363695,39.25,0.75,0.0,0
tarea_20,code20_3.py,code20_3.py,22,0,8,0,0,0,4,0,2,0,24,0,0,0,0,0,0,0,0,0,0,0,4,6,4,0,4,116,2,10,24,2,4,0,50,0,1.0,22,0,60,60,60,1.0,0.23346303501945526,1.0,0,8,1.0,1.0,1.0,3,3,0,0.7575757575757576,0.7575757575757576,0.0,0.0,1.0,1.0,1
tarea_20,code20_3.py,code20_3_tipo2.py,22,0,8,0,0,0,4,0,2,0,24,0,0,0,0,0,0,0,0,0,0,0,4,6,4,0,4,116,2,10,24,2,4,0,52,0,0.24324324324324326,9,28,44,60,62,0.5641025641025641,0.17120622568093385,0.2796610169491525,0,8,1.0,0.5603112840466926,0.625,3,3,0,0.7575757575757576,0.7714285714285715,0.013852813852813894,0.0,1.0,0.0,2
tarea_20,code20_3.py,code20_3_tipo3.py,18,0,8,0,0,0,4,0,2,0,20,1,0,0,0,0,0,0,0,0,0,0,4,6,3,0,3,101,2,11,21,1,4,0,41,0,0.30303030303030304,10,23,41,60,58,0.5324675324675324,0.15953307392996108,0.2536873156342183,26,8,1.0,0.4139344262295082,0.15384615384615385,3,3,0,0.7575757575757576,0.64,0.11757575757575756,8.666666666666671,0.7777777777777778,0.0,3
tarea_20,code20_3.py,code20_noplagio_2.py,18,0,7,4,0,0,2,1,1,0,21,1,0,0,0,0,0,0,0,0,0,0,5,5,4,1,3,96,2,8,12,1,5,0,41,1,0.25,7,21,36,60,45,0.5217391304347826,0.14007782101167315,0.09174311926605505,89,8,1.0,0.34823529411764703,0.4,3,2,1,0.7575757575757576,0.7272727272727273,0.030303030303030276,1.6666666666666714,0.7894736842105263,0.0,0
tarea_20,code20_3.py,code20_noplagio_1.py,24,0,14,12,0,0,2,0,1,1,31,1,0,1,0,0,0,0,0,0,0,0,7,6,4,1,2,162,3,13,12,1,4,1,81,0,0.1891891891891892,7,30,35,60,56,0.43209876543209874,0.13618677042801555,0.07834101382488479,107,8,0.7272727272727273,0.07407407407407407,0.2727272727272727,3,3,0,0.7575757575757576,1.3658536585365855,0.6082779009608279,35.66666666666666,0.6538461538461539,0.0,0
tarea_20,code20_2.py,code20_2.py,12,0,4,0,0,0,0,0,2,2,22,0,0,0,0,0,0,0,0,0,0,0,10,4,4,0,2,82,2,6,6,0,4,0,36,0,1.0,15,0,48,48,48,1.0,0.2608695652173913,1.0,0,8,1.0,1.0,1.0,2,2,0,0.75,0.75,0.0,0.0,1.0,1.0,1
tarea_20,code20_2.py,code20_2_tipo2.py,13,0,4,0,0,0,0,0,2,2,22,0,0,0,0,0,0,0,0,0,0,0,10,4,4,0,2,86,2,6,8,0,4,0,38,0,0.2222222222222222,6,21,37,48,53,0.578125,0.20108695652173914,0.17692307692307693,4,8,1.0,0.7258064516129032,0.7777777777777778,2,2,0,0.75,0.7692307692307693,0.019230769230769273,2.0,1.0,0.0,2
tarea_20,code20_2.py,code20_2_tipo3.py,15,0,4,0,0,0,0,0,3,1,23,0,0,0,0,0,0,0,0,0,0,0,8,5,4,0,2,91,1,8,12,0,5,0,36,1,0.30434782608695654,7,16,37,48,53,0.578125,0.20108695652173914,0.14336917562724014,47,8,1.0,0.24096385542168675,0.7058823529411765,2,3,1,0.75,0.6923076923076923,0.05769230769230771,15.0,0.7317073170731707,0.0,3
tarea_20,code20_2.py,code20_noplagio_2.py,13,0,5,4,0,0,0,1,1,1,20,1,0,0,0,0,0,0,0,0,0,0,8,4,4,1,2,79,2,6,3,0,5,0,34,1,0.3333333333333333,7,14,36,48,45,0.631578947368421,0.1956521739130435,0.1906779661016949,16,8,1.0,0.5,0.625,2,2,0,0.75,0.7272727272727273,0.022727272727272707,8.0,0.8421052631578947,0.0,0
tarea_20,code20_2.py,code20_noplagio_1.py,19,0,12,12,0,0,0,0,1,2,30,1,0,1,0,0,0,0,0,0,0,0,10,5,4,1,1,145,3,11,3,0,4,1,74,0,0.23333333333333334,7,23,36,48,56,0.5294117647058824,0.1956521739130435,0.09497206703910614,180,8,0.7272727272727273,0.1897810218978102,0.43478260869565216,2,3,1,0.75,1.3658536585365855,0.6158536585365855,29.33333333333333,0.5769230769230769,0.0,0
tarea_20,code20_1.py,code20_1.py,22,0,8,0,2,0,4,0,2,0,16,0,0,0,0,0,0,0,0,0,0,0,4,4,4,0,6,94,2,6,20,2,4,0,50,0,1.0,19,0,59,59,59,1.0,0.2645739910313901,1.0,0,8,1.0,1.0,1.0,2,2,0,0.8064516129032258,0.8064516129032258,0.0,0.0,1.0,1.0,1
tarea_20,code20_1.py,code20_1_tipo2.py,22,0,8,0,2,0,4,0,2,0,16,0,0,0,0,0,0,0,0,0,0,0,4,4,4,0,6,94,2,6,20,2,4,0,52,0,0.25,8,24,45,59,61,0.6,0.20179372197309417,0.2899022801302932,0,8,1.0,0.5650224215246636,0.5,2,2,0,0.8064516129032258,0.8181818181818182,0.011730205278592476,0.0,1.0,0.0,2
tarea_20,code20_1.py,code20_1_tipo3.py,19,0,8,0,2,0,4,0,2,0,16,0,0,0,0,0,0,0,0,0,0,0,4,5,3,0,5,87,1,10,17,1,4,0,42,0,0.38461538461538464,10,16,42,59,54,0.5915492957746479,0.18834080717488788,0.2866666666666667,2,8,1.0,0.5630630630630631,0.5714285714285714,2,3,1,0.8064516129032258,0.68,0.1264516129032257,37.83333333333333,0.7333333333333333,0.0,3
tarea_20,code20_1.py,code20_noplagio_2.py,18,0,7,4,1,0,2,1,1,0,17,1,0,0,0,0,0,0,0,0,0,0,5,4,4,1,4,85,2,6,10,1,5,0,41,1,0.28,7,18,36,59,45,0.5294117647058824,0.16143497757847533,0.1,55,8,1.0,0.3375959079283887,0.36363636363636365,2,2,0,0.8064516129032258,0.7272727272727273,0.07917888563049846,27.5,0.7878787878787878,0.0,0
tarea_20,code20_1.py,code20_noplagio_1.py,24,0,14,12,1,0,2,0,1,1,27,1,0,1,0,0,0,0,0,0,0,0,7,5,4,1,3,151,3,11,10,1,4,1,81,0,0.20588235294117646,7,27,35,59,56,0.4375,0.15695067264573992,0.08888888888888889,141,8,0.7272727272727273,0.10562180579216354,0.2222222222222222,2,3,1,0.8064516129032258,1.3658536585365855,0.5594020456333597,9.833333333333329,0.5531914893617021,0.0,0
